
--- STARTING SERVER ON PORT 3075 ---

> build-a-customer-support-platform-that-allows-user...@0.1.0 dev
> next dev -p 3075

   ▲ Next.js 14.1.0
   - Local:        http://localhost:3075

 ✓ Ready in 2.6s
 ○ Compiling / ...

--- STARTING SERVER ON PORT 3059 ---

> build-a-customer-support-platform-that-allows-user...@0.1.0 dev
> next dev -p 3059

   ▲ Next.js 14.1.0
   - Local:        http://localhost:3059

 ✓ Ready in 2.1s
 ○ Compiling / ...
 ✓ Compiled / in 3.4s (763 modules)
 ⨯ node_modules\framer-motion\dist\es\context\MotionConfigContext.mjs (6:42) @ eval
 ⨯ TypeError: (0 , react__WEBPACK_IMPORTED_MODULE_0__.createContext) is not a function
    at __webpack_require__ (D:\Palak\Idea-to-deploy\apps\api\data\artifacts\4637fc0f-c4a7-4ad6-8f78-0a9c7eddfbdb\code\frontend\.next\server\webpack-runtime.js:33:42)
    at __webpack_require__ (D:\Palak\Idea-to-deploy\apps\api\data\artifacts\4637fc0f-c4a7-4ad6-8f78-0a9c7eddfbdb\code\frontend\.next\server\webpack-runtime.js:33:42)
    at __webpack_require__ (D:\Palak\Idea-to-deploy\apps\api\data\artifacts\4637fc0f-c4a7-4ad6-8f78-0a9c7eddfbdb\code\frontend\.next\server\webpack-runtime.js:33:42)
    at eval (./app/page.tsx:13:71)
    at (rsc)/./app/page.tsx (D:\Palak\Idea-to-deploy\apps\api\data\artifacts\4637fc0f-c4a7-4ad6-8f78-0a9c7eddfbdb\code\frontend\.next\server\app\page.js:162:1)
    at __webpack_require__ (D:\Palak\Idea-to-deploy\apps\api\data\artifacts\4637fc0f-c4a7-4ad6-8f78-0a9c7eddfbdb\code\frontend\.next\server\webpack-runtime.js:33:42)
    at async Promise.all (index 0)
null
 ⨯ node_modules\framer-motion\dist\es\context\MotionConfigContext.mjs (6:42) @ eval
 ⨯ TypeError: (0 , react__WEBPACK_IMPORTED_MODULE_0__.createContext) is not a function
    at __webpack_require__ (D:\Palak\Idea-to-deploy\apps\api\data\artifacts\4637fc0f-c4a7-4ad6-8f78-0a9c7eddfbdb\code\frontend\.next\server\webpack-runtime.js:33:42)
    at __webpack_require__ (D:\Palak\Idea-to-deploy\apps\api\data\artifacts\4637fc0f-c4a7-4ad6-8f78-0a9c7eddfbdb\code\frontend\.next\server\webpack-runtime.js:33:42)
    at __webpack_require__ (D:\Palak\Idea-to-deploy\apps\api\data\artifacts\4637fc0f-c4a7-4ad6-8f78-0a9c7eddfbdb\code\frontend\.next\server\webpack-runtime.js:33:42)
    at eval (./app/page.tsx:13:71)
    at (rsc)/./app/page.tsx (D:\Palak\Idea-to-deploy\apps\api\data\artifacts\4637fc0f-c4a7-4ad6-8f78-0a9c7eddfbdb\code\frontend\.next\server\app\page.js:162:1)
    at __webpack_require__ (D:\Palak\Idea-to-deploy\apps\api\data\artifacts\4637fc0f-c4a7-4ad6-8f78-0a9c7eddfbdb\code\frontend\.next\server\webpack-runtime.js:33:42)
    at async Promise.all (index 0)
digest: "1544141074"
null
 ⨯ node_modules\framer-motion\dist\es\context\MotionConfigContext.mjs (6:42) @ eval
 ⨯ TypeError: (0 , react__WEBPACK_IMPORTED_MODULE_0__.createContext) is not a function
    at __webpack_require__ (D:\Palak\Idea-to-deploy\apps\api\data\artifacts\4637fc0f-c4a7-4ad6-8f78-0a9c7eddfbdb\code\frontend\.next\server\webpack-runtime.js:33:42)
    at __webpack_require__ (D:\Palak\Idea-to-deploy\apps\api\data\artifacts\4637fc0f-c4a7-4ad6-8f78-0a9c7eddfbdb\code\frontend\.next\server\webpack-runtime.js:33:42)
    at __webpack_require__ (D:\Palak\Idea-to-deploy\apps\api\data\artifacts\4637fc0f-c4a7-4ad6-8f78-0a9c7eddfbdb\code\frontend\.next\server\webpack-runtime.js:33:42)
    at eval (./app/page.tsx:13:71)
    at (rsc)/./app/page.tsx (D:\Palak\Idea-to-deploy\apps\api\data\artifacts\4637fc0f-c4a7-4ad6-8f78-0a9c7eddfbdb\code\frontend\.next\server\app\page.js:162:1)
    at __webpack_require__ (D:\Palak\Idea-to-deploy\apps\api\data\artifacts\4637fc0f-c4a7-4ad6-8f78-0a9c7eddfbdb\code\frontend\.next\server\webpack-runtime.js:33:42)
null
TypeError: (0 , react__WEBPACK_IMPORTED_MODULE_0__.createContext) is not a function
    at eval (webpack-internal:///(rsc)/./node_modules/framer-motion/dist/es/context/MotionConfigContext.mjs:9:99)
    at (rsc)/./node_modules/framer-motion/dist/es/context/MotionConfigContext.mjs (D:\Palak\Idea-to-deploy\apps\api\data\artifacts\4637fc0f-c4a7-4ad6-8f78-0a9c7eddfbdb\code\frontend\.next\server\vendor-chunks\framer-motion.js:310:1)
    at __webpack_require__ (D:\Palak\Idea-to-deploy\apps\api\data\artifacts\4637fc0f-c4a7-4ad6-8f78-0a9c7eddfbdb\code\frontend\.next\server\webpack-runtime.js:33:42)
    at eval (webpack-internal:///(rsc)/./node_modules/framer-motion/dist/es/motion/index.mjs:6:90)
    at (rsc)/./node_modules/framer-motion/dist/es/motion/index.mjs (D:\Palak\Idea-to-deploy\apps\api\data\artifacts\4637fc0f-c4a7-4ad6-8f78-0a9c7eddfbdb\code\frontend\.next\server\vendor-chunks\framer-motion.js:770:1)
    at __webpack_require__ (D:\Palak\Idea-to-deploy\apps\api\data\artifacts\4637fc0f-c4a7-4ad6-8f78-0a9c7eddfbdb\code\frontend\.next\server\webpack-runtime.js:33:42)
    at eval (webpack-internal:///(rsc)/./node_modules/framer-motion/dist/es/render/dom/motion.mjs:6:75)
    at (rsc)/./node_modules/framer-motion/dist/es/render/dom/motion.mjs (D:\Palak\Idea-to-deploy\apps\api\data\artifacts\4637fc0f-c4a7-4ad6-8f78-0a9c7eddfbdb\code\frontend\.next\server\vendor-chunks\framer-motion.js:1080:1)
    at __webpack_require__ (D:\Palak\Idea-to-deploy\apps\api\data\artifacts\4637fc0f-c4a7-4ad6-8f78-0a9c7eddfbdb\code\frontend\.next\server\webpack-runtime.js:33:42)
    at eval (webpack-internal:///(rsc)/./app/page.tsx:13:71)
    at (rsc)/./app/page.tsx (D:\Palak\Idea-to-deploy\apps\api\data\artifacts\4637fc0f-c4a7-4ad6-8f78-0a9c7eddfbdb\code\frontend\.next\server\app\page.js:162:1)
    at __webpack_require__ (D:\Palak\Idea-to-deploy\apps\api\data\artifacts\4637fc0f-c4a7-4ad6-8f78-0a9c7eddfbdb\code\frontend\.next\server\webpack-runtime.js:33:42)
    at runNextTicks (node:internal/process/task_queues:64:5)
    at listOnTimeout (node:internal/timers:567:9)
    at process.processTimers (node:internal/timers:541:7)
    at async eq (D:\Palak\Idea-to-deploy\apps\api\data\artifacts\4637fc0f-c4a7-4ad6-8f78-0a9c7eddfbdb\code\frontend\node_modules\next\dist\compiled\next-server\app-page.runtime.dev.js:35:402260)
    at async tr (D:\Palak\Idea-to-deploy\apps\api\data\artifacts\4637fc0f-c4a7-4ad6-8f78-0a9c7eddfbdb\code\frontend\node_modules\next\dist\compiled\next-server\app-page.runtime.dev.js:35:405987)
    at async tn (D:\Palak\Idea-to-deploy\apps\api\data\artifacts\4637fc0f-c4a7-4ad6-8f78-0a9c7eddfbdb\code\frontend\node_modules\next\dist\compiled\next-server\app-page.runtime.dev.js:35:406537)
    at async tn (D:\Palak\Idea-to-deploy\apps\api\data\artifacts\4637fc0f-c4a7-4ad6-8f78-0a9c7eddfbdb\code\frontend\node_modules\next\dist\compiled\next-server\app-page.runtime.dev.js:35:406668)
    at async tu (D:\Palak\Idea-to-deploy\apps\api\data\artifacts\4637fc0f-c4a7-4ad6-8f78-0a9c7eddfbdb\code\frontend\node_modules\next\dist\compiled\next-server\app-page.runtime.dev.js:36:2057)
    at async D:\Palak\Idea-to-deploy\apps\api\data\artifacts\4637fc0f-c4a7-4ad6-8f78-0a9c7eddfbdb\code\frontend\node_modules\next\dist\compiled\next-server\app-page.runtime.dev.js:36:2564 {
  digest: '1737602124'
}
 ⨯ node_modules\framer-motion\dist\es\context\MotionConfigContext.mjs (6:42) @ eval
 ⨯ TypeError: (0 , react__WEBPACK_IMPORTED_MODULE_0__.createContext) is not a function
    at eval (webpack-internal:///(rsc)/./node_modules/framer-motion/dist/es/context/MotionConfigContext.mjs:9:99)
    at (rsc)/./node_modules/framer-motion/dist/es/context/MotionConfigContext.mjs (D:\Palak\Idea-to-deploy\apps\api\data\artifacts\4637fc0f-c4a7-4ad6-8f78-0a9c7eddfbdb\code\frontend\.next\server\vendor-chunks\framer-motion.js:310:1)
    at __webpack_require__ (D:\Palak\Idea-to-deploy\apps\api\data\artifacts\4637fc0f-c4a7-4ad6-8f78-0a9c7eddfbdb\code\frontend\.next\server\webpack-runtime.js:33:42)
    at eval (webpack-internal:///(rsc)/./node_modules/framer-motion/dist/es/motion/index.mjs:6:90)
    at (rsc)/./node_modules/framer-motion/dist/es/motion/index.mjs (D:\Palak\Idea-to-deploy\apps\api\data\artifacts\4637fc0f-c4a7-4ad6-8f78-0a9c7eddfbdb\code\frontend\.next\server\vendor-chunks\framer-motion.js:770:1)
    at __webpack_require__ (D:\Palak\Idea-to-deploy\apps\api\data\artifacts\4637fc0f-c4a7-4ad6-8f78-0a9c7eddfbdb\code\frontend\.next\server\webpack-runtime.js:33:42)
    at eval (webpack-internal:///(rsc)/./node_modules/framer-motion/dist/es/render/dom/motion.mjs:6:75)
    at (rsc)/./node_modules/framer-motion/dist/es/render/dom/motion.mjs (D:\Palak\Idea-to-deploy\apps\api\data\artifacts\4637fc0f-c4a7-4ad6-8f78-0a9c7eddfbdb\code\frontend\.next\server\vendor-chunks\framer-motion.js:1080:1)
    at __webpack_require__ (D:\Palak\Idea-to-deploy\apps\api\data\artifacts\4637fc0f-c4a7-4ad6-8f78-0a9c7eddfbdb\code\frontend\.next\server\webpack-runtime.js:33:42)
    at eval (webpack-internal:///(rsc)/./app/page.tsx:13:71)
    at (rsc)/./app/page.tsx (D:\Palak\Idea-to-deploy\apps\api\data\artifacts\4637fc0f-c4a7-4ad6-8f78-0a9c7eddfbdb\code\frontend\.next\server\app\page.js:162:1)
    at __webpack_require__ (D:\Palak\Idea-to-deploy\apps\api\data\artifacts\4637fc0f-c4a7-4ad6-8f78-0a9c7eddfbdb\code\frontend\.next\server\webpack-runtime.js:33:42)
    at runNextTicks (node:internal/process/task_queues:64:5)
    at listOnTimeout (node:internal/timers:567:9)
    at process.processTimers (node:internal/timers:541:7)
    at async eq (D:\Palak\Idea-to-deploy\apps\api\data\artifacts\4637fc0f-c4a7-4ad6-8f78-0a9c7eddfbdb\code\frontend\node_modules\next\dist\compiled\next-server\app-page.runtime.dev.js:35:402260)
    at async tr (D:\Palak\Idea-to-deploy\apps\api\data\artifacts\4637fc0f-c4a7-4ad6-8f78-0a9c7eddfbdb\code\frontend\node_modules\next\dist\compiled\next-server\app-page.runtime.dev.js:35:405987)
    at async tn (D:\Palak\Idea-to-deploy\apps\api\data\artifacts\4637fc0f-c4a7-4ad6-8f78-0a9c7eddfbdb\code\frontend\node_modules\next\dist\compiled\next-server\app-page.runtime.dev.js:35:406537)
    at async tn (D:\Palak\Idea-to-deploy\apps\api\data\artifacts\4637fc0f-c4a7-4ad6-8f78-0a9c7eddfbdb\code\frontend\node_modules\next\dist\compiled\next-server\app-page.runtime.dev.js:35:406668)
    at async tu (D:\Palak\Idea-to-deploy\apps\api\data\artifacts\4637fc0f-c4a7-4ad6-8f78-0a9c7eddfbdb\code\frontend\node_modules\next\dist\compiled\next-server\app-page.runtime.dev.js:36:2057)
    at async D:\Palak\Idea-to-deploy\apps\api\data\artifacts\4637fc0f-c4a7-4ad6-8f78-0a9c7eddfbdb\code\frontend\node_modules\next\dist\compiled\next-server\app-page.runtime.dev.js:36:2564 {
  digest: '1737602124',
  page: '/'
}
null
 ○ Compiling /_error ...
 ✓ Compiled /_error in 1763ms (912 modules)

--- STARTING SERVER ON PORT 3059 ---

> build-a-customer-support-platform-that-allows-user...@0.1.0 dev
> next dev -p 3059

   ▲ Next.js 14.1.0
   - Local:        http://localhost:3059

 ✓ Ready in 2.2s
 ○ Compiling / ...
 ✓ Compiled / in 5.4s (768 modules)
 ⨯ node_modules\framer-motion\dist\es\context\MotionConfigContext.mjs (6:42) @ eval
 ⨯ TypeError: (0 , react__WEBPACK_IMPORTED_MODULE_0__.createContext) is not a function
    at __webpack_require__ (D:\Palak\Idea-to-deploy\apps\api\data\artifacts\4637fc0f-c4a7-4ad6-8f78-0a9c7eddfbdb\code\frontend\.next\server\webpack-runtime.js:33:42)
    at __webpack_require__ (D:\Palak\Idea-to-deploy\apps\api\data\artifacts\4637fc0f-c4a7-4ad6-8f78-0a9c7eddfbdb\code\frontend\.next\server\webpack-runtime.js:33:42)
    at __webpack_require__ (D:\Palak\Idea-to-deploy\apps\api\data\artifacts\4637fc0f-c4a7-4ad6-8f78-0a9c7eddfbdb\code\frontend\.next\server\webpack-runtime.js:33:42)
    at eval (./app/page.tsx:13:71)
    at (rsc)/./app/page.tsx (D:\Palak\Idea-to-deploy\apps\api\data\artifacts\4637fc0f-c4a7-4ad6-8f78-0a9c7eddfbdb\code\frontend\.next\server\app\page.js:162:1)
    at __webpack_require__ (D:\Palak\Idea-to-deploy\apps\api\data\artifacts\4637fc0f-c4a7-4ad6-8f78-0a9c7eddfbdb\code\frontend\.next\server\webpack-runtime.js:33:42)
    at async Promise.all (index 0)
null
 ⨯ node_modules\framer-motion\dist\es\context\MotionConfigContext.mjs (6:42) @ eval
 ⨯ TypeError: (0 , react__WEBPACK_IMPORTED_MODULE_0__.createContext) is not a function
    at __webpack_require__ (D:\Palak\Idea-to-deploy\apps\api\data\artifacts\4637fc0f-c4a7-4ad6-8f78-0a9c7eddfbdb\code\frontend\.next\server\webpack-runtime.js:33:42)
    at __webpack_require__ (D:\Palak\Idea-to-deploy\apps\api\data\artifacts\4637fc0f-c4a7-4ad6-8f78-0a9c7eddfbdb\code\frontend\.next\server\webpack-runtime.js:33:42)
    at __webpack_require__ (D:\Palak\Idea-to-deploy\apps\api\data\artifacts\4637fc0f-c4a7-4ad6-8f78-0a9c7eddfbdb\code\frontend\.next\server\webpack-runtime.js:33:42)
    at eval (./app/page.tsx:13:71)
    at (rsc)/./app/page.tsx (D:\Palak\Idea-to-deploy\apps\api\data\artifacts\4637fc0f-c4a7-4ad6-8f78-0a9c7eddfbdb\code\frontend\.next\server\app\page.js:162:1)
    at __webpack_require__ (D:\Palak\Idea-to-deploy\apps\api\data\artifacts\4637fc0f-c4a7-4ad6-8f78-0a9c7eddfbdb\code\frontend\.next\server\webpack-runtime.js:33:42)
    at async Promise.all (index 0)
digest: "1544141074"
null
 ⨯ node_modules\framer-motion\dist\es\context\MotionConfigContext.mjs (6:42) @ eval
 ⨯ TypeError: (0 , react__WEBPACK_IMPORTED_MODULE_0__.createContext) is not a function
    at __webpack_require__ (D:\Palak\Idea-to-deploy\apps\api\data\artifacts\4637fc0f-c4a7-4ad6-8f78-0a9c7eddfbdb\code\frontend\.next\server\webpack-runtime.js:33:42)
    at __webpack_require__ (D:\Palak\Idea-to-deploy\apps\api\data\artifacts\4637fc0f-c4a7-4ad6-8f78-0a9c7eddfbdb\code\frontend\.next\server\webpack-runtime.js:33:42)
    at __webpack_require__ (D:\Palak\Idea-to-deploy\apps\api\data\artifacts\4637fc0f-c4a7-4ad6-8f78-0a9c7eddfbdb\code\frontend\.next\server\webpack-runtime.js:33:42)
    at eval (./app/page.tsx:13:71)
    at (rsc)/./app/page.tsx (D:\Palak\Idea-to-deploy\apps\api\data\artifacts\4637fc0f-c4a7-4ad6-8f78-0a9c7eddfbdb\code\frontend\.next\server\app\page.js:162:1)
    at __webpack_require__ (D:\Palak\Idea-to-deploy\apps\api\data\artifacts\4637fc0f-c4a7-4ad6-8f78-0a9c7eddfbdb\code\frontend\.next\server\webpack-runtime.js:33:42)
null
TypeError: (0 , react__WEBPACK_IMPORTED_MODULE_0__.createContext) is not a function
    at eval (webpack-internal:///(rsc)/./node_modules/framer-motion/dist/es/context/MotionConfigContext.mjs:9:99)
    at (rsc)/./node_modules/framer-motion/dist/es/context/MotionConfigContext.mjs (D:\Palak\Idea-to-deploy\apps\api\data\artifacts\4637fc0f-c4a7-4ad6-8f78-0a9c7eddfbdb\code\frontend\.next\server\vendor-chunks\framer-motion.js:310:1)
    at __webpack_require__ (D:\Palak\Idea-to-deploy\apps\api\data\artifacts\4637fc0f-c4a7-4ad6-8f78-0a9c7eddfbdb\code\frontend\.next\server\webpack-runtime.js:33:42)
    at eval (webpack-internal:///(rsc)/./node_modules/framer-motion/dist/es/motion/index.mjs:6:90)
    at (rsc)/./node_modules/framer-motion/dist/es/motion/index.mjs (D:\Palak\Idea-to-deploy\apps\api\data\artifacts\4637fc0f-c4a7-4ad6-8f78-0a9c7eddfbdb\code\frontend\.next\server\vendor-chunks\framer-motion.js:770:1)
    at __webpack_require__ (D:\Palak\Idea-to-deploy\apps\api\data\artifacts\4637fc0f-c4a7-4ad6-8f78-0a9c7eddfbdb\code\frontend\.next\server\webpack-runtime.js:33:42)
    at eval (webpack-internal:///(rsc)/./node_modules/framer-motion/dist/es/render/dom/motion.mjs:6:75)
    at (rsc)/./node_modules/framer-motion/dist/es/render/dom/motion.mjs (D:\Palak\Idea-to-deploy\apps\api\data\artifacts\4637fc0f-c4a7-4ad6-8f78-0a9c7eddfbdb\code\frontend\.next\server\vendor-chunks\framer-motion.js:1080:1)
    at __webpack_require__ (D:\Palak\Idea-to-deploy\apps\api\data\artifacts\4637fc0f-c4a7-4ad6-8f78-0a9c7eddfbdb\code\frontend\.next\server\webpack-runtime.js:33:42)
    at eval (webpack-internal:///(rsc)/./app/page.tsx:13:71)
    at (rsc)/./app/page.tsx (D:\Palak\Idea-to-deploy\apps\api\data\artifacts\4637fc0f-c4a7-4ad6-8f78-0a9c7eddfbdb\code\frontend\.next\server\app\page.js:162:1)
    at __webpack_require__ (D:\Palak\Idea-to-deploy\apps\api\data\artifacts\4637fc0f-c4a7-4ad6-8f78-0a9c7eddfbdb\code\frontend\.next\server\webpack-runtime.js:33:42)
    at runNextTicks (node:internal/process/task_queues:64:5)
    at listOnTimeout (node:internal/timers:567:9)
    at process.processTimers (node:internal/timers:541:7)
    at async eq (D:\Palak\Idea-to-deploy\apps\api\data\artifacts\4637fc0f-c4a7-4ad6-8f78-0a9c7eddfbdb\code\frontend\node_modules\next\dist\compiled\next-server\app-page.runtime.dev.js:35:402260)
    at async tr (D:\Palak\Idea-to-deploy\apps\api\data\artifacts\4637fc0f-c4a7-4ad6-8f78-0a9c7eddfbdb\code\frontend\node_modules\next\dist\compiled\next-server\app-page.runtime.dev.js:35:405987)
    at async tn (D:\Palak\Idea-to-deploy\apps\api\data\artifacts\4637fc0f-c4a7-4ad6-8f78-0a9c7eddfbdb\code\frontend\node_modules\next\dist\compiled\next-server\app-page.runtime.dev.js:35:406537)
    at async tn (D:\Palak\Idea-to-deploy\apps\api\data\artifacts\4637fc0f-c4a7-4ad6-8f78-0a9c7eddfbdb\code\frontend\node_modules\next\dist\compiled\next-server\app-page.runtime.dev.js:35:406668)
    at async tu (D:\Palak\Idea-to-deploy\apps\api\data\artifacts\4637fc0f-c4a7-4ad6-8f78-0a9c7eddfbdb\code\frontend\node_modules\next\dist\compiled\next-server\app-page.runtime.dev.js:36:2057)
    at async D:\Palak\Idea-to-deploy\apps\api\data\artifacts\4637fc0f-c4a7-4ad6-8f78-0a9c7eddfbdb\code\frontend\node_modules\next\dist\compiled\next-server\app-page.runtime.dev.js:36:2564 {
  digest: '1737602124'
}
 ⨯ node_modules\framer-motion\dist\es\context\MotionConfigContext.mjs (6:42) @ eval
 ⨯ TypeError: (0 , react__WEBPACK_IMPORTED_MODULE_0__.createContext) is not a function
    at eval (webpack-internal:///(rsc)/./node_modules/framer-motion/dist/es/context/MotionConfigContext.mjs:9:99)
    at (rsc)/./node_modules/framer-motion/dist/es/context/MotionConfigContext.mjs (D:\Palak\Idea-to-deploy\apps\api\data\artifacts\4637fc0f-c4a7-4ad6-8f78-0a9c7eddfbdb\code\frontend\.next\server\vendor-chunks\framer-motion.js:310:1)
    at __webpack_require__ (D:\Palak\Idea-to-deploy\apps\api\data\artifacts\4637fc0f-c4a7-4ad6-8f78-0a9c7eddfbdb\code\frontend\.next\server\webpack-runtime.js:33:42)
    at eval (webpack-internal:///(rsc)/./node_modules/framer-motion/dist/es/motion/index.mjs:6:90)
    at (rsc)/./node_modules/framer-motion/dist/es/motion/index.mjs (D:\Palak\Idea-to-deploy\apps\api\data\artifacts\4637fc0f-c4a7-4ad6-8f78-0a9c7eddfbdb\code\frontend\.next\server\vendor-chunks\framer-motion.js:770:1)
    at __webpack_require__ (D:\Palak\Idea-to-deploy\apps\api\data\artifacts\4637fc0f-c4a7-4ad6-8f78-0a9c7eddfbdb\code\frontend\.next\server\webpack-runtime.js:33:42)
    at eval (webpack-internal:///(rsc)/./node_modules/framer-motion/dist/es/render/dom/motion.mjs:6:75)
    at (rsc)/./node_modules/framer-motion/dist/es/render/dom/motion.mjs (D:\Palak\Idea-to-deploy\apps\api\data\artifacts\4637fc0f-c4a7-4ad6-8f78-0a9c7eddfbdb\code\frontend\.next\server\vendor-chunks\framer-motion.js:1080:1)
    at __webpack_require__ (D:\Palak\Idea-to-deploy\apps\api\data\artifacts\4637fc0f-c4a7-4ad6-8f78-0a9c7eddfbdb\code\frontend\.next\server\webpack-runtime.js:33:42)
    at eval (webpack-internal:///(rsc)/./app/page.tsx:13:71)
    at (rsc)/./app/page.tsx (D:\Palak\Idea-to-deploy\apps\api\data\artifacts\4637fc0f-c4a7-4ad6-8f78-0a9c7eddfbdb\code\frontend\.next\server\app\page.js:162:1)
    at __webpack_require__ (D:\Palak\Idea-to-deploy\apps\api\data\artifacts\4637fc0f-c4a7-4ad6-8f78-0a9c7eddfbdb\code\frontend\.next\server\webpack-runtime.js:33:42)
    at runNextTicks (node:internal/process/task_queues:64:5)
    at listOnTimeout (node:internal/timers:567:9)
    at process.processTimers (node:internal/timers:541:7)
    at async eq (D:\Palak\Idea-to-deploy\apps\api\data\artifacts\4637fc0f-c4a7-4ad6-8f78-0a9c7eddfbdb\code\frontend\node_modules\next\dist\compiled\next-server\app-page.runtime.dev.js:35:402260)
    at async tr (D:\Palak\Idea-to-deploy\apps\api\data\artifacts\4637fc0f-c4a7-4ad6-8f78-0a9c7eddfbdb\code\frontend\node_modules\next\dist\compiled\next-server\app-page.runtime.dev.js:35:405987)
    at async tn (D:\Palak\Idea-to-deploy\apps\api\data\artifacts\4637fc0f-c4a7-4ad6-8f78-0a9c7eddfbdb\code\frontend\node_modules\next\dist\compiled\next-server\app-page.runtime.dev.js:35:406537)
    at async tn (D:\Palak\Idea-to-deploy\apps\api\data\artifacts\4637fc0f-c4a7-4ad6-8f78-0a9c7eddfbdb\code\frontend\node_modules\next\dist\compiled\next-server\app-page.runtime.dev.js:35:406668)
    at async tu (D:\Palak\Idea-to-deploy\apps\api\data\artifacts\4637fc0f-c4a7-4ad6-8f78-0a9c7eddfbdb\code\frontend\node_modules\next\dist\compiled\next-server\app-page.runtime.dev.js:36:2057)
    at async D:\Palak\Idea-to-deploy\apps\api\data\artifacts\4637fc0f-c4a7-4ad6-8f78-0a9c7eddfbdb\code\frontend\node_modules\next\dist\compiled\next-server\app-page.runtime.dev.js:36:2564 {
  digest: '1737602124',
  page: '/'
}
null
 ○ Compiling /_error ...
 ✓ Compiled /_error in 1676ms (917 modules)
 ⚠ Fast Refresh had to perform a full reload due to a runtime error.
 ⨯ node_modules\framer-motion\dist\es\context\MotionConfigContext.mjs (6:42) @ eval
 ⨯ TypeError: (0 , react__WEBPACK_IMPORTED_MODULE_0__.createContext) is not a function
    at __webpack_require__ (D:\Palak\Idea-to-deploy\apps\api\data\artifacts\4637fc0f-c4a7-4ad6-8f78-0a9c7eddfbdb\code\frontend\.next\server\webpack-runtime.js:33:42)
    at __webpack_require__ (D:\Palak\Idea-to-deploy\apps\api\data\artifacts\4637fc0f-c4a7-4ad6-8f78-0a9c7eddfbdb\code\frontend\.next\server\webpack-runtime.js:33:42)
    at __webpack_require__ (D:\Palak\Idea-to-deploy\apps\api\data\artifacts\4637fc0f-c4a7-4ad6-8f78-0a9c7eddfbdb\code\frontend\.next\server\webpack-runtime.js:33:42)
    at eval (./app/page.tsx:13:71)
    at (rsc)/./app/page.tsx (D:\Palak\Idea-to-deploy\apps\api\data\artifacts\4637fc0f-c4a7-4ad6-8f78-0a9c7eddfbdb\code\frontend\.next\server\app\page.js:162:1)
    at __webpack_require__ (D:\Palak\Idea-to-deploy\apps\api\data\artifacts\4637fc0f-c4a7-4ad6-8f78-0a9c7eddfbdb\code\frontend\.next\server\webpack-runtime.js:33:42)
    at async Promise.all (index 0)
null
 ⨯ node_modules\framer-motion\dist\es\context\MotionConfigContext.mjs (6:42) @ eval
 ⨯ TypeError: (0 , react__WEBPACK_IMPORTED_MODULE_0__.createContext) is not a function
    at __webpack_require__ (D:\Palak\Idea-to-deploy\apps\api\data\artifacts\4637fc0f-c4a7-4ad6-8f78-0a9c7eddfbdb\code\frontend\.next\server\webpack-runtime.js:33:42)
    at __webpack_require__ (D:\Palak\Idea-to-deploy\apps\api\data\artifacts\4637fc0f-c4a7-4ad6-8f78-0a9c7eddfbdb\code\frontend\.next\server\webpack-runtime.js:33:42)
    at __webpack_require__ (D:\Palak\Idea-to-deploy\apps\api\data\artifacts\4637fc0f-c4a7-4ad6-8f78-0a9c7eddfbdb\code\frontend\.next\server\webpack-runtime.js:33:42)
    at eval (./app/page.tsx:13:71)
    at (rsc)/./app/page.tsx (D:\Palak\Idea-to-deploy\apps\api\data\artifacts\4637fc0f-c4a7-4ad6-8f78-0a9c7eddfbdb\code\frontend\.next\server\app\page.js:162:1)
    at __webpack_require__ (D:\Palak\Idea-to-deploy\apps\api\data\artifacts\4637fc0f-c4a7-4ad6-8f78-0a9c7eddfbdb\code\frontend\.next\server\webpack-runtime.js:33:42)
    at async Promise.all (index 0)
null
 ⨯ node_modules\framer-motion\dist\es\context\MotionConfigContext.mjs (6:42) @ eval
 ⨯ TypeError: (0 , react__WEBPACK_IMPORTED_MODULE_0__.createContext) is not a function
    at __webpack_require__ (D:\Palak\Idea-to-deploy\apps\api\data\artifacts\4637fc0f-c4a7-4ad6-8f78-0a9c7eddfbdb\code\frontend\.next\server\webpack-runtime.js:33:42)
    at __webpack_require__ (D:\Palak\Idea-to-deploy\apps\api\data\artifacts\4637fc0f-c4a7-4ad6-8f78-0a9c7eddfbdb\code\frontend\.next\server\webpack-runtime.js:33:42)
    at __webpack_require__ (D:\Palak\Idea-to-deploy\apps\api\data\artifacts\4637fc0f-c4a7-4ad6-8f78-0a9c7eddfbdb\code\frontend\.next\server\webpack-runtime.js:33:42)
    at eval (./app/page.tsx:13:71)
    at (rsc)/./app/page.tsx (D:\Palak\Idea-to-deploy\apps\api\data\artifacts\4637fc0f-c4a7-4ad6-8f78-0a9c7eddfbdb\code\frontend\.next\server\app\page.js:162:1)
    at __webpack_require__ (D:\Palak\Idea-to-deploy\apps\api\data\artifacts\4637fc0f-c4a7-4ad6-8f78-0a9c7eddfbdb\code\frontend\.next\server\webpack-runtime.js:33:42)
    at async Promise.all (index 0)
null
 ⨯ node_modules\framer-motion\dist\es\context\MotionConfigContext.mjs (6:42) @ eval
 ⨯ TypeError: (0 , react__WEBPACK_IMPORTED_MODULE_0__.createContext) is not a function
    at __webpack_require__ (D:\Palak\Idea-to-deploy\apps\api\data\artifacts\4637fc0f-c4a7-4ad6-8f78-0a9c7eddfbdb\code\frontend\.next\server\webpack-runtime.js:33:42)
    at __webpack_require__ (D:\Palak\Idea-to-deploy\apps\api\data\artifacts\4637fc0f-c4a7-4ad6-8f78-0a9c7eddfbdb\code\frontend\.next\server\webpack-runtime.js:33:42)
    at __webpack_require__ (D:\Palak\Idea-to-deploy\apps\api\data\artifacts\4637fc0f-c4a7-4ad6-8f78-0a9c7eddfbdb\code\frontend\.next\server\webpack-runtime.js:33:42)
    at eval (./app/page.tsx:13:71)
    at (rsc)/./app/page.tsx (D:\Palak\Idea-to-deploy\apps\api\data\artifacts\4637fc0f-c4a7-4ad6-8f78-0a9c7eddfbdb\code\frontend\.next\server\app\page.js:162:1)
    at __webpack_require__ (D:\Palak\Idea-to-deploy\apps\api\data\artifacts\4637fc0f-c4a7-4ad6-8f78-0a9c7eddfbdb\code\frontend\.next\server\webpack-runtime.js:33:42)
    at async Promise.all (index 0)
null
 ⨯ node_modules\framer-motion\dist\es\context\MotionConfigContext.mjs (6:42) @ eval
 ⨯ TypeError: (0 , react__WEBPACK_IMPORTED_MODULE_0__.createContext) is not a function
    at __webpack_require__ (D:\Palak\Idea-to-deploy\apps\api\data\artifacts\4637fc0f-c4a7-4ad6-8f78-0a9c7eddfbdb\code\frontend\.next\server\webpack-runtime.js:33:42)
    at __webpack_require__ (D:\Palak\Idea-to-deploy\apps\api\data\artifacts\4637fc0f-c4a7-4ad6-8f78-0a9c7eddfbdb\code\frontend\.next\server\webpack-runtime.js:33:42)
    at __webpack_require__ (D:\Palak\Idea-to-deploy\apps\api\data\artifacts\4637fc0f-c4a7-4ad6-8f78-0a9c7eddfbdb\code\frontend\.next\server\webpack-runtime.js:33:42)
    at eval (./app/page.tsx:13:71)
    at (rsc)/./app/page.tsx (D:\Palak\Idea-to-deploy\apps\api\data\artifacts\4637fc0f-c4a7-4ad6-8f78-0a9c7eddfbdb\code\frontend\.next\server\app\page.js:162:1)
    at __webpack_require__ (D:\Palak\Idea-to-deploy\apps\api\data\artifacts\4637fc0f-c4a7-4ad6-8f78-0a9c7eddfbdb\code\frontend\.next\server\webpack-runtime.js:33:42)
    at async Promise.all (index 0)
digest: "878870109"
null
 ⨯ node_modules\framer-motion\dist\es\context\MotionConfigContext.mjs (6:42) @ eval
 ⨯ TypeError: (0 , react__WEBPACK_IMPORTED_MODULE_0__.createContext) is not a function
    at __webpack_require__ (D:\Palak\Idea-to-deploy\apps\api\data\artifacts\4637fc0f-c4a7-4ad6-8f78-0a9c7eddfbdb\code\frontend\.next\server\webpack-runtime.js:33:42)
    at __webpack_require__ (D:\Palak\Idea-to-deploy\apps\api\data\artifacts\4637fc0f-c4a7-4ad6-8f78-0a9c7eddfbdb\code\frontend\.next\server\webpack-runtime.js:33:42)
    at __webpack_require__ (D:\Palak\Idea-to-deploy\apps\api\data\artifacts\4637fc0f-c4a7-4ad6-8f78-0a9c7eddfbdb\code\frontend\.next\server\webpack-runtime.js:33:42)
    at eval (./app/page.tsx:13:71)
    at (rsc)/./app/page.tsx (D:\Palak\Idea-to-deploy\apps\api\data\artifacts\4637fc0f-c4a7-4ad6-8f78-0a9c7eddfbdb\code\frontend\.next\server\app\page.js:162:1)
    at __webpack_require__ (D:\Palak\Idea-to-deploy\apps\api\data\artifacts\4637fc0f-c4a7-4ad6-8f78-0a9c7eddfbdb\code\frontend\.next\server\webpack-runtime.js:33:42)
    at async Promise.all (index 0)
digest: "878870109"
null
 ⨯ node_modules\framer-motion\dist\es\context\MotionConfigContext.mjs (6:42) @ eval
 ⨯ TypeError: (0 , react__WEBPACK_IMPORTED_MODULE_0__.createContext) is not a function
    at __webpack_require__ (D:\Palak\Idea-to-deploy\apps\api\data\artifacts\4637fc0f-c4a7-4ad6-8f78-0a9c7eddfbdb\code\frontend\.next\server\webpack-runtime.js:33:42)
    at __webpack_require__ (D:\Palak\Idea-to-deploy\apps\api\data\artifacts\4637fc0f-c4a7-4ad6-8f78-0a9c7eddfbdb\code\frontend\.next\server\webpack-runtime.js:33:42)
    at __webpack_require__ (D:\Palak\Idea-to-deploy\apps\api\data\artifacts\4637fc0f-c4a7-4ad6-8f78-0a9c7eddfbdb\code\frontend\.next\server\webpack-runtime.js:33:42)
    at eval (./app/page.tsx:13:71)
    at (rsc)/./app/page.tsx (D:\Palak\Idea-to-deploy\apps\api\data\artifacts\4637fc0f-c4a7-4ad6-8f78-0a9c7eddfbdb\code\frontend\.next\server\app\page.js:162:1)
    at __webpack_require__ (D:\Palak\Idea-to-deploy\apps\api\data\artifacts\4637fc0f-c4a7-4ad6-8f78-0a9c7eddfbdb\code\frontend\.next\server\webpack-runtime.js:33:42)
    at async Promise.all (index 0)
digest: "878870109"
null
 ⨯ node_modules\framer-motion\dist\es\context\MotionConfigContext.mjs (6:42) @ eval
 ⨯ TypeError: (0 , react__WEBPACK_IMPORTED_MODULE_0__.createContext) is not a function
    at __webpack_require__ (D:\Palak\Idea-to-deploy\apps\api\data\artifacts\4637fc0f-c4a7-4ad6-8f78-0a9c7eddfbdb\code\frontend\.next\server\webpack-runtime.js:33:42)
    at __webpack_require__ (D:\Palak\Idea-to-deploy\apps\api\data\artifacts\4637fc0f-c4a7-4ad6-8f78-0a9c7eddfbdb\code\frontend\.next\server\webpack-runtime.js:33:42)
    at __webpack_require__ (D:\Palak\Idea-to-deploy\apps\api\data\artifacts\4637fc0f-c4a7-4ad6-8f78-0a9c7eddfbdb\code\frontend\.next\server\webpack-runtime.js:33:42)
    at eval (./app/page.tsx:13:71)
    at (rsc)/./app/page.tsx (D:\Palak\Idea-to-deploy\apps\api\data\artifacts\4637fc0f-c4a7-4ad6-8f78-0a9c7eddfbdb\code\frontend\.next\server\app\page.js:162:1)
    at __webpack_require__ (D:\Palak\Idea-to-deploy\apps\api\data\artifacts\4637fc0f-c4a7-4ad6-8f78-0a9c7eddfbdb\code\frontend\.next\server\webpack-runtime.js:33:42)
    at async Promise.all (index 0)
digest: "1544141074"
null
 ⨯ node_modules\framer-motion\dist\es\context\MotionConfigContext.mjs (6:42) @ eval
 ⨯ TypeError: (0 , react__WEBPACK_IMPORTED_MODULE_0__.createContext) is not a function
    at __webpack_require__ (D:\Palak\Idea-to-deploy\apps\api\data\artifacts\4637fc0f-c4a7-4ad6-8f78-0a9c7eddfbdb\code\frontend\.next\server\webpack-runtime.js:33:42)
    at __webpack_require__ (D:\Palak\Idea-to-deploy\apps\api\data\artifacts\4637fc0f-c4a7-4ad6-8f78-0a9c7eddfbdb\code\frontend\.next\server\webpack-runtime.js:33:42)
    at __webpack_require__ (D:\Palak\Idea-to-deploy\apps\api\data\artifacts\4637fc0f-c4a7-4ad6-8f78-0a9c7eddfbdb\code\frontend\.next\server\webpack-runtime.js:33:42)
    at eval (./app/page.tsx:13:71)
    at (rsc)/./app/page.tsx (D:\Palak\Idea-to-deploy\apps\api\data\artifacts\4637fc0f-c4a7-4ad6-8f78-0a9c7eddfbdb\code\frontend\.next\server\app\page.js:162:1)
    at __webpack_require__ (D:\Palak\Idea-to-deploy\apps\api\data\artifacts\4637fc0f-c4a7-4ad6-8f78-0a9c7eddfbdb\code\frontend\.next\server\webpack-runtime.js:33:42)
null
 ⨯ node_modules\framer-motion\dist\es\context\MotionConfigContext.mjs (6:42) @ eval
 ⨯ TypeError: (0 , react__WEBPACK_IMPORTED_MODULE_0__.createContext) is not a function
    at __webpack_require__ (D:\Palak\Idea-to-deploy\apps\api\data\artifacts\4637fc0f-c4a7-4ad6-8f78-0a9c7eddfbdb\code\frontend\.next\server\webpack-runtime.js:33:42)
    at __webpack_require__ (D:\Palak\Idea-to-deploy\apps\api\data\artifacts\4637fc0f-c4a7-4ad6-8f78-0a9c7eddfbdb\code\frontend\.next\server\webpack-runtime.js:33:42)
    at __webpack_require__ (D:\Palak\Idea-to-deploy\apps\api\data\artifacts\4637fc0f-c4a7-4ad6-8f78-0a9c7eddfbdb\code\frontend\.next\server\webpack-runtime.js:33:42)
    at eval (./app/page.tsx:13:71)
    at (rsc)/./app/page.tsx (D:\Palak\Idea-to-deploy\apps\api\data\artifacts\4637fc0f-c4a7-4ad6-8f78-0a9c7eddfbdb\code\frontend\.next\server\app\page.js:162:1)
    at __webpack_require__ (D:\Palak\Idea-to-deploy\apps\api\data\artifacts\4637fc0f-c4a7-4ad6-8f78-0a9c7eddfbdb\code\frontend\.next\server\webpack-runtime.js:33:42)
null
 ⨯ node_modules\framer-motion\dist\es\context\MotionConfigContext.mjs (6:42) @ eval
 ⨯ TypeError: (0 , react__WEBPACK_IMPORTED_MODULE_0__.createContext) is not a function
    at __webpack_require__ (D:\Palak\Idea-to-deploy\apps\api\data\artifacts\4637fc0f-c4a7-4ad6-8f78-0a9c7eddfbdb\code\frontend\.next\server\webpack-runtime.js:33:42)
    at __webpack_require__ (D:\Palak\Idea-to-deploy\apps\api\data\artifacts\4637fc0f-c4a7-4ad6-8f78-0a9c7eddfbdb\code\frontend\.next\server\webpack-runtime.js:33:42)
    at __webpack_require__ (D:\Palak\Idea-to-deploy\apps\api\data\artifacts\4637fc0f-c4a7-4ad6-8f78-0a9c7eddfbdb\code\frontend\.next\server\webpack-runtime.js:33:42)
    at eval (./app/page.tsx:13:71)
    at (rsc)/./app/page.tsx (D:\Palak\Idea-to-deploy\apps\api\data\artifacts\4637fc0f-c4a7-4ad6-8f78-0a9c7eddfbdb\code\frontend\.next\server\app\page.js:162:1)
    at __webpack_require__ (D:\Palak\Idea-to-deploy\apps\api\data\artifacts\4637fc0f-c4a7-4ad6-8f78-0a9c7eddfbdb\code\frontend\.next\server\webpack-runtime.js:33:42)
null
 ⨯ node_modules\framer-motion\dist\es\context\MotionConfigContext.mjs (6:42) @ eval
 ⨯ TypeError: (0 , react__WEBPACK_IMPORTED_MODULE_0__.createContext) is not a function
    at __webpack_require__ (D:\Palak\Idea-to-deploy\apps\api\data\artifacts\4637fc0f-c4a7-4ad6-8f78-0a9c7eddfbdb\code\frontend\.next\server\webpack-runtime.js:33:42)
    at __webpack_require__ (D:\Palak\Idea-to-deploy\apps\api\data\artifacts\4637fc0f-c4a7-4ad6-8f78-0a9c7eddfbdb\code\frontend\.next\server\webpack-runtime.js:33:42)
    at __webpack_require__ (D:\Palak\Idea-to-deploy\apps\api\data\artifacts\4637fc0f-c4a7-4ad6-8f78-0a9c7eddfbdb\code\frontend\.next\server\webpack-runtime.js:33:42)
    at eval (./app/page.tsx:13:71)
    at (rsc)/./app/page.tsx (D:\Palak\Idea-to-deploy\apps\api\data\artifacts\4637fc0f-c4a7-4ad6-8f78-0a9c7eddfbdb\code\frontend\.next\server\app\page.js:162:1)
    at __webpack_require__ (D:\Palak\Idea-to-deploy\apps\api\data\artifacts\4637fc0f-c4a7-4ad6-8f78-0a9c7eddfbdb\code\frontend\.next\server\webpack-runtime.js:33:42)
null
TypeError: (0 , react__WEBPACK_IMPORTED_MODULE_0__.createContext) is not a function
    at eval (webpack-internal:///(rsc)/./node_modules/framer-motion/dist/es/context/MotionConfigContext.mjs:9:99)
    at (rsc)/./node_modules/framer-motion/dist/es/context/MotionConfigContext.mjs (D:\Palak\Idea-to-deploy\apps\api\data\artifacts\4637fc0f-c4a7-4ad6-8f78-0a9c7eddfbdb\code\frontend\.next\server\vendor-chunks\framer-motion.js:310:1)
    at __webpack_require__ (D:\Palak\Idea-to-deploy\apps\api\data\artifacts\4637fc0f-c4a7-4ad6-8f78-0a9c7eddfbdb\code\frontend\.next\server\webpack-runtime.js:33:42)
    at eval (webpack-internal:///(rsc)/./node_modules/framer-motion/dist/es/motion/index.mjs:6:90)
    at (rsc)/./node_modules/framer-motion/dist/es/motion/index.mjs (D:\Palak\Idea-to-deploy\apps\api\data\artifacts\4637fc0f-c4a7-4ad6-8f78-0a9c7eddfbdb\code\frontend\.next\server\vendor-chunks\framer-motion.js:770:1)
    at __webpack_require__ (D:\Palak\Idea-to-deploy\apps\api\data\artifacts\4637fc0f-c4a7-4ad6-8f78-0a9c7eddfbdb\code\frontend\.next\server\webpack-runtime.js:33:42)
    at eval (webpack-internal:///(rsc)/./node_modules/framer-motion/dist/es/render/dom/motion.mjs:6:75)
    at (rsc)/./node_modules/framer-motion/dist/es/render/dom/motion.mjs (D:\Palak\Idea-to-deploy\apps\api\data\artifacts\4637fc0f-c4a7-4ad6-8f78-0a9c7eddfbdb\code\frontend\.next\server\vendor-chunks\framer-motion.js:1080:1)
    at __webpack_require__ (D:\Palak\Idea-to-deploy\apps\api\data\artifacts\4637fc0f-c4a7-4ad6-8f78-0a9c7eddfbdb\code\frontend\.next\server\webpack-runtime.js:33:42)
    at eval (webpack-internal:///(rsc)/./app/page.tsx:13:71)
    at (rsc)/./app/page.tsx (D:\Palak\Idea-to-deploy\apps\api\data\artifacts\4637fc0f-c4a7-4ad6-8f78-0a9c7eddfbdb\code\frontend\.next\server\app\page.js:162:1)
    at __webpack_require__ (D:\Palak\Idea-to-deploy\apps\api\data\artifacts\4637fc0f-c4a7-4ad6-8f78-0a9c7eddfbdb\code\frontend\.next\server\webpack-runtime.js:33:42)
    at runNextTicks (node:internal/process/task_queues:64:5)
    at listOnTimeout (node:internal/timers:567:9)
    at process.processTimers (node:internal/timers:541:7)
    at async eq (D:\Palak\Idea-to-deploy\apps\api\data\artifacts\4637fc0f-c4a7-4ad6-8f78-0a9c7eddfbdb\code\frontend\node_modules\next\dist\compiled\next-server\app-page.runtime.dev.js:35:402260)
    at async tr (D:\Palak\Idea-to-deploy\apps\api\data\artifacts\4637fc0f-c4a7-4ad6-8f78-0a9c7eddfbdb\code\frontend\node_modules\next\dist\compiled\next-server\app-page.runtime.dev.js:35:405987)
    at async tn (D:\Palak\Idea-to-deploy\apps\api\data\artifacts\4637fc0f-c4a7-4ad6-8f78-0a9c7eddfbdb\code\frontend\node_modules\next\dist\compiled\next-server\app-page.runtime.dev.js:35:406537)
    at async tn (D:\Palak\Idea-to-deploy\apps\api\data\artifacts\4637fc0f-c4a7-4ad6-8f78-0a9c7eddfbdb\code\frontend\node_modules\next\dist\compiled\next-server\app-page.runtime.dev.js:35:406668)
    at async tu (D:\Palak\Idea-to-deploy\apps\api\data\artifacts\4637fc0f-c4a7-4ad6-8f78-0a9c7eddfbdb\code\frontend\node_modules\next\dist\compiled\next-server\app-page.runtime.dev.js:36:2057)
    at async D:\Palak\Idea-to-deploy\apps\api\data\artifacts\4637fc0f-c4a7-4ad6-8f78-0a9c7eddfbdb\code\frontend\node_modules\next\dist\compiled\next-server\app-page.runtime.dev.js:36:2564 {
  digest: '1737602124'
}
 ⨯ node_modules\framer-motion\dist\es\context\MotionConfigContext.mjs (6:42) @ eval
 ⨯ TypeError: (0 , react__WEBPACK_IMPORTED_MODULE_0__.createContext) is not a function
    at eval (webpack-internal:///(rsc)/./node_modules/framer-motion/dist/es/context/MotionConfigContext.mjs:9:99)
    at (rsc)/./node_modules/framer-motion/dist/es/context/MotionConfigContext.mjs (D:\Palak\Idea-to-deploy\apps\api\data\artifacts\4637fc0f-c4a7-4ad6-8f78-0a9c7eddfbdb\code\frontend\.next\server\vendor-chunks\framer-motion.js:310:1)
    at __webpack_require__ (D:\Palak\Idea-to-deploy\apps\api\data\artifacts\4637fc0f-c4a7-4ad6-8f78-0a9c7eddfbdb\code\frontend\.next\server\webpack-runtime.js:33:42)
    at eval (webpack-internal:///(rsc)/./node_modules/framer-motion/dist/es/motion/index.mjs:6:90)
    at (rsc)/./node_modules/framer-motion/dist/es/motion/index.mjs (D:\Palak\Idea-to-deploy\apps\api\data\artifacts\4637fc0f-c4a7-4ad6-8f78-0a9c7eddfbdb\code\frontend\.next\server\vendor-chunks\framer-motion.js:770:1)
    at __webpack_require__ (D:\Palak\Idea-to-deploy\apps\api\data\artifacts\4637fc0f-c4a7-4ad6-8f78-0a9c7eddfbdb\code\frontend\.next\server\webpack-runtime.js:33:42)
    at eval (webpack-internal:///(rsc)/./node_modules/framer-motion/dist/es/render/dom/motion.mjs:6:75)
    at (rsc)/./node_modules/framer-motion/dist/es/render/dom/motion.mjs (D:\Palak\Idea-to-deploy\apps\api\data\artifacts\4637fc0f-c4a7-4ad6-8f78-0a9c7eddfbdb\code\frontend\.next\server\vendor-chunks\framer-motion.js:1080:1)
    at __webpack_require__ (D:\Palak\Idea-to-deploy\apps\api\data\artifacts\4637fc0f-c4a7-4ad6-8f78-0a9c7eddfbdb\code\frontend\.next\server\webpack-runtime.js:33:42)
    at eval (webpack-internal:///(rsc)/./app/page.tsx:13:71)
    at (rsc)/./app/page.tsx (D:\Palak\Idea-to-deploy\apps\api\data\artifacts\4637fc0f-c4a7-4ad6-8f78-0a9c7eddfbdb\code\frontend\.next\server\app\page.js:162:1)
    at __webpack_require__ (D:\Palak\Idea-to-deploy\apps\api\data\artifacts\4637fc0f-c4a7-4ad6-8f78-0a9c7eddfbdb\code\frontend\.next\server\webpack-runtime.js:33:42)
    at runNextTicks (node:internal/process/task_queues:64:5)
    at listOnTimeout (node:internal/timers:567:9)
    at process.processTimers (node:internal/timers:541:7)
    at async eq (D:\Palak\Idea-to-deploy\apps\api\data\artifacts\4637fc0f-c4a7-4ad6-8f78-0a9c7eddfbdb\code\frontend\node_modules\next\dist\compiled\next-server\app-page.runtime.dev.js:35:402260)
    at async tr (D:\Palak\Idea-to-deploy\apps\api\data\artifacts\4637fc0f-c4a7-4ad6-8f78-0a9c7eddfbdb\code\frontend\node_modules\next\dist\compiled\next-server\app-page.runtime.dev.js:35:405987)
    at async tn (D:\Palak\Idea-to-deploy\apps\api\data\artifacts\4637fc0f-c4a7-4ad6-8f78-0a9c7eddfbdb\code\frontend\node_modules\next\dist\compiled\next-server\app-page.runtime.dev.js:35:406537)
    at async tn (D:\Palak\Idea-to-deploy\apps\api\data\artifacts\4637fc0f-c4a7-4ad6-8f78-0a9c7eddfbdb\code\frontend\node_modules\next\dist\compiled\next-server\app-page.runtime.dev.js:35:406668)
    at async tu (D:\Palak\Idea-to-deploy\apps\api\data\artifacts\4637fc0f-c4a7-4ad6-8f78-0a9c7eddfbdb\code\frontend\node_modules\next\dist\compiled\next-server\app-page.runtime.dev.js:36:2057)
    at async D:\Palak\Idea-to-deploy\apps\api\data\artifacts\4637fc0f-c4a7-4ad6-8f78-0a9c7eddfbdb\code\frontend\node_modules\next\dist\compiled\next-server\app-page.runtime.dev.js:36:2564 {
  digest: '1737602124',
  page: '/'
}
null
TypeError: (0 , react__WEBPACK_IMPORTED_MODULE_0__.createContext) is not a function
    at eval (webpack-internal:///(rsc)/./node_modules/framer-motion/dist/es/context/MotionConfigContext.mjs:9:99)
    at (rsc)/./node_modules/framer-motion/dist/es/context/MotionConfigContext.mjs (D:\Palak\Idea-to-deploy\apps\api\data\artifacts\4637fc0f-c4a7-4ad6-8f78-0a9c7eddfbdb\code\frontend\.next\server\vendor-chunks\framer-motion.js:310:1)
    at __webpack_require__ (D:\Palak\Idea-to-deploy\apps\api\data\artifacts\4637fc0f-c4a7-4ad6-8f78-0a9c7eddfbdb\code\frontend\.next\server\webpack-runtime.js:33:42)
    at eval (webpack-internal:///(rsc)/./node_modules/framer-motion/dist/es/motion/index.mjs:6:90)
    at (rsc)/./node_modules/framer-motion/dist/es/motion/index.mjs (D:\Palak\Idea-to-deploy\apps\api\data\artifacts\4637fc0f-c4a7-4ad6-8f78-0a9c7eddfbdb\code\frontend\.next\server\vendor-chunks\framer-motion.js:770:1)
    at __webpack_require__ (D:\Palak\Idea-to-deploy\apps\api\data\artifacts\4637fc0f-c4a7-4ad6-8f78-0a9c7eddfbdb\code\frontend\.next\server\webpack-runtime.js:33:42)
    at eval (webpack-internal:///(rsc)/./node_modules/framer-motion/dist/es/render/dom/motion.mjs:6:75)
    at (rsc)/./node_modules/framer-motion/dist/es/render/dom/motion.mjs (D:\Palak\Idea-to-deploy\apps\api\data\artifacts\4637fc0f-c4a7-4ad6-8f78-0a9c7eddfbdb\code\frontend\.next\server\vendor-chunks\framer-motion.js:1080:1)
    at __webpack_require__ (D:\Palak\Idea-to-deploy\apps\api\data\artifacts\4637fc0f-c4a7-4ad6-8f78-0a9c7eddfbdb\code\frontend\.next\server\webpack-runtime.js:33:42)
    at eval (webpack-internal:///(rsc)/./app/page.tsx:13:71)
    at (rsc)/./app/page.tsx (D:\Palak\Idea-to-deploy\apps\api\data\artifacts\4637fc0f-c4a7-4ad6-8f78-0a9c7eddfbdb\code\frontend\.next\server\app\page.js:162:1)
    at __webpack_require__ (D:\Palak\Idea-to-deploy\apps\api\data\artifacts\4637fc0f-c4a7-4ad6-8f78-0a9c7eddfbdb\code\frontend\.next\server\webpack-runtime.js:33:42)
    at runNextTicks (node:internal/process/task_queues:64:5)
    at listOnTimeout (node:internal/timers:567:9)
    at process.processTimers (node:internal/timers:541:7)
    at async eq (D:\Palak\Idea-to-deploy\apps\api\data\artifacts\4637fc0f-c4a7-4ad6-8f78-0a9c7eddfbdb\code\frontend\node_modules\next\dist\compiled\next-server\app-page.runtime.dev.js:35:402260)
    at async tr (D:\Palak\Idea-to-deploy\apps\api\data\artifacts\4637fc0f-c4a7-4ad6-8f78-0a9c7eddfbdb\code\frontend\node_modules\next\dist\compiled\next-server\app-page.runtime.dev.js:35:405987)
    at async tn (D:\Palak\Idea-to-deploy\apps\api\data\artifacts\4637fc0f-c4a7-4ad6-8f78-0a9c7eddfbdb\code\frontend\node_modules\next\dist\compiled\next-server\app-page.runtime.dev.js:35:406537)
    at async tn (D:\Palak\Idea-to-deploy\apps\api\data\artifacts\4637fc0f-c4a7-4ad6-8f78-0a9c7eddfbdb\code\frontend\node_modules\next\dist\compiled\next-server\app-page.runtime.dev.js:35:406668)
    at async tu (D:\Palak\Idea-to-deploy\apps\api\data\artifacts\4637fc0f-c4a7-4ad6-8f78-0a9c7eddfbdb\code\frontend\node_modules\next\dist\compiled\next-server\app-page.runtime.dev.js:36:2057)
    at async D:\Palak\Idea-to-deploy\apps\api\data\artifacts\4637fc0f-c4a7-4ad6-8f78-0a9c7eddfbdb\code\frontend\node_modules\next\dist\compiled\next-server\app-page.runtime.dev.js:36:2564 {
  digest: '1737602124'
}
 ⨯ node_modules\framer-motion\dist\es\context\MotionConfigContext.mjs (6:42) @ eval
 ⨯ TypeError: (0 , react__WEBPACK_IMPORTED_MODULE_0__.createContext) is not a function
    at eval (webpack-internal:///(rsc)/./node_modules/framer-motion/dist/es/context/MotionConfigContext.mjs:9:99)
    at (rsc)/./node_modules/framer-motion/dist/es/context/MotionConfigContext.mjs (D:\Palak\Idea-to-deploy\apps\api\data\artifacts\4637fc0f-c4a7-4ad6-8f78-0a9c7eddfbdb\code\frontend\.next\server\vendor-chunks\framer-motion.js:310:1)
    at __webpack_require__ (D:\Palak\Idea-to-deploy\apps\api\data\artifacts\4637fc0f-c4a7-4ad6-8f78-0a9c7eddfbdb\code\frontend\.next\server\webpack-runtime.js:33:42)
    at eval (webpack-internal:///(rsc)/./node_modules/framer-motion/dist/es/motion/index.mjs:6:90)
    at (rsc)/./node_modules/framer-motion/dist/es/motion/index.mjs (D:\Palak\Idea-to-deploy\apps\api\data\artifacts\4637fc0f-c4a7-4ad6-8f78-0a9c7eddfbdb\code\frontend\.next\server\vendor-chunks\framer-motion.js:770:1)
    at __webpack_require__ (D:\Palak\Idea-to-deploy\apps\api\data\artifacts\4637fc0f-c4a7-4ad6-8f78-0a9c7eddfbdb\code\frontend\.next\server\webpack-runtime.js:33:42)
    at eval (webpack-internal:///(rsc)/./node_modules/framer-motion/dist/es/render/dom/motion.mjs:6:75)
    at (rsc)/./node_modules/framer-motion/dist/es/render/dom/motion.mjs (D:\Palak\Idea-to-deploy\apps\api\data\artifacts\4637fc0f-c4a7-4ad6-8f78-0a9c7eddfbdb\code\frontend\.next\server\vendor-chunks\framer-motion.js:1080:1)
    at __webpack_require__ (D:\Palak\Idea-to-deploy\apps\api\data\artifacts\4637fc0f-c4a7-4ad6-8f78-0a9c7eddfbdb\code\frontend\.next\server\webpack-runtime.js:33:42)
    at eval (webpack-internal:///(rsc)/./app/page.tsx:13:71)
    at (rsc)/./app/page.tsx (D:\Palak\Idea-to-deploy\apps\api\data\artifacts\4637fc0f-c4a7-4ad6-8f78-0a9c7eddfbdb\code\frontend\.next\server\app\page.js:162:1)
    at __webpack_require__ (D:\Palak\Idea-to-deploy\apps\api\data\artifacts\4637fc0f-c4a7-4ad6-8f78-0a9c7eddfbdb\code\frontend\.next\server\webpack-runtime.js:33:42)
    at runNextTicks (node:internal/process/task_queues:64:5)
    at listOnTimeout (node:internal/timers:567:9)
    at process.processTimers (node:internal/timers:541:7)
    at async eq (D:\Palak\Idea-to-deploy\apps\api\data\artifacts\4637fc0f-c4a7-4ad6-8f78-0a9c7eddfbdb\code\frontend\node_modules\next\dist\compiled\next-server\app-page.runtime.dev.js:35:402260)
    at async tr (D:\Palak\Idea-to-deploy\apps\api\data\artifacts\4637fc0f-c4a7-4ad6-8f78-0a9c7eddfbdb\code\frontend\node_modules\next\dist\compiled\next-server\app-page.runtime.dev.js:35:405987)
    at async tn (D:\Palak\Idea-to-deploy\apps\api\data\artifacts\4637fc0f-c4a7-4ad6-8f78-0a9c7eddfbdb\code\frontend\node_modules\next\dist\compiled\next-server\app-page.runtime.dev.js:35:406537)
    at async tn (D:\Palak\Idea-to-deploy\apps\api\data\artifacts\4637fc0f-c4a7-4ad6-8f78-0a9c7eddfbdb\code\frontend\node_modules\next\dist\compiled\next-server\app-page.runtime.dev.js:35:406668)
    at async tu (D:\Palak\Idea-to-deploy\apps\api\data\artifacts\4637fc0f-c4a7-4ad6-8f78-0a9c7eddfbdb\code\frontend\node_modules\next\dist\compiled\next-server\app-page.runtime.dev.js:36:2057)
    at async D:\Palak\Idea-to-deploy\apps\api\data\artifacts\4637fc0f-c4a7-4ad6-8f78-0a9c7eddfbdb\code\frontend\node_modules\next\dist\compiled\next-server\app-page.runtime.dev.js:36:2564 {
  digest: '1737602124',
  page: '/'
}
null
TypeError: (0 , react__WEBPACK_IMPORTED_MODULE_0__.createContext) is not a function
    at eval (webpack-internal:///(rsc)/./node_modules/framer-motion/dist/es/context/MotionConfigContext.mjs:9:99)
    at (rsc)/./node_modules/framer-motion/dist/es/context/MotionConfigContext.mjs (D:\Palak\Idea-to-deploy\apps\api\data\artifacts\4637fc0f-c4a7-4ad6-8f78-0a9c7eddfbdb\code\frontend\.next\server\vendor-chunks\framer-motion.js:310:1)
    at __webpack_require__ (D:\Palak\Idea-to-deploy\apps\api\data\artifacts\4637fc0f-c4a7-4ad6-8f78-0a9c7eddfbdb\code\frontend\.next\server\webpack-runtime.js:33:42)
    at eval (webpack-internal:///(rsc)/./node_modules/framer-motion/dist/es/motion/index.mjs:6:90)
    at (rsc)/./node_modules/framer-motion/dist/es/motion/index.mjs (D:\Palak\Idea-to-deploy\apps\api\data\artifacts\4637fc0f-c4a7-4ad6-8f78-0a9c7eddfbdb\code\frontend\.next\server\vendor-chunks\framer-motion.js:770:1)
    at __webpack_require__ (D:\Palak\Idea-to-deploy\apps\api\data\artifacts\4637fc0f-c4a7-4ad6-8f78-0a9c7eddfbdb\code\frontend\.next\server\webpack-runtime.js:33:42)
    at eval (webpack-internal:///(rsc)/./node_modules/framer-motion/dist/es/render/dom/motion.mjs:6:75)
    at (rsc)/./node_modules/framer-motion/dist/es/render/dom/motion.mjs (D:\Palak\Idea-to-deploy\apps\api\data\artifacts\4637fc0f-c4a7-4ad6-8f78-0a9c7eddfbdb\code\frontend\.next\server\vendor-chunks\framer-motion.js:1080:1)
    at __webpack_require__ (D:\Palak\Idea-to-deploy\apps\api\data\artifacts\4637fc0f-c4a7-4ad6-8f78-0a9c7eddfbdb\code\frontend\.next\server\webpack-runtime.js:33:42)
    at eval (webpack-internal:///(rsc)/./app/page.tsx:13:71)
    at (rsc)/./app/page.tsx (D:\Palak\Idea-to-deploy\apps\api\data\artifacts\4637fc0f-c4a7-4ad6-8f78-0a9c7eddfbdb\code\frontend\.next\server\app\page.js:162:1)
    at __webpack_require__ (D:\Palak\Idea-to-deploy\apps\api\data\artifacts\4637fc0f-c4a7-4ad6-8f78-0a9c7eddfbdb\code\frontend\.next\server\webpack-runtime.js:33:42)
    at runNextTicks (node:internal/process/task_queues:64:5)
    at listOnTimeout (node:internal/timers:567:9)
    at process.processTimers (node:internal/timers:541:7)
    at async eq (D:\Palak\Idea-to-deploy\apps\api\data\artifacts\4637fc0f-c4a7-4ad6-8f78-0a9c7eddfbdb\code\frontend\node_modules\next\dist\compiled\next-server\app-page.runtime.dev.js:35:402260)
    at async tr (D:\Palak\Idea-to-deploy\apps\api\data\artifacts\4637fc0f-c4a7-4ad6-8f78-0a9c7eddfbdb\code\frontend\node_modules\next\dist\compiled\next-server\app-page.runtime.dev.js:35:405987)
    at async tn (D:\Palak\Idea-to-deploy\apps\api\data\artifacts\4637fc0f-c4a7-4ad6-8f78-0a9c7eddfbdb\code\frontend\node_modules\next\dist\compiled\next-server\app-page.runtime.dev.js:35:406537)
    at async tn (D:\Palak\Idea-to-deploy\apps\api\data\artifacts\4637fc0f-c4a7-4ad6-8f78-0a9c7eddfbdb\code\frontend\node_modules\next\dist\compiled\next-server\app-page.runtime.dev.js:35:406668)
    at async tu (D:\Palak\Idea-to-deploy\apps\api\data\artifacts\4637fc0f-c4a7-4ad6-8f78-0a9c7eddfbdb\code\frontend\node_modules\next\dist\compiled\next-server\app-page.runtime.dev.js:36:2057)
    at async D:\Palak\Idea-to-deploy\apps\api\data\artifacts\4637fc0f-c4a7-4ad6-8f78-0a9c7eddfbdb\code\frontend\node_modules\next\dist\compiled\next-server\app-page.runtime.dev.js:36:2564 {
  digest: '1737602124'
}
 ⨯ node_modules\framer-motion\dist\es\context\MotionConfigContext.mjs (6:42) @ eval
 ⨯ TypeError: (0 , react__WEBPACK_IMPORTED_MODULE_0__.createContext) is not a function
    at eval (webpack-internal:///(rsc)/./node_modules/framer-motion/dist/es/context/MotionConfigContext.mjs:9:99)
    at (rsc)/./node_modules/framer-motion/dist/es/context/MotionConfigContext.mjs (D:\Palak\Idea-to-deploy\apps\api\data\artifacts\4637fc0f-c4a7-4ad6-8f78-0a9c7eddfbdb\code\frontend\.next\server\vendor-chunks\framer-motion.js:310:1)
    at __webpack_require__ (D:\Palak\Idea-to-deploy\apps\api\data\artifacts\4637fc0f-c4a7-4ad6-8f78-0a9c7eddfbdb\code\frontend\.next\server\webpack-runtime.js:33:42)
    at eval (webpack-internal:///(rsc)/./node_modules/framer-motion/dist/es/motion/index.mjs:6:90)
    at (rsc)/./node_modules/framer-motion/dist/es/motion/index.mjs (D:\Palak\Idea-to-deploy\apps\api\data\artifacts\4637fc0f-c4a7-4ad6-8f78-0a9c7eddfbdb\code\frontend\.next\server\vendor-chunks\framer-motion.js:770:1)
    at __webpack_require__ (D:\Palak\Idea-to-deploy\apps\api\data\artifacts\4637fc0f-c4a7-4ad6-8f78-0a9c7eddfbdb\code\frontend\.next\server\webpack-runtime.js:33:42)
    at eval (webpack-internal:///(rsc)/./node_modules/framer-motion/dist/es/render/dom/motion.mjs:6:75)
    at (rsc)/./node_modules/framer-motion/dist/es/render/dom/motion.mjs (D:\Palak\Idea-to-deploy\apps\api\data\artifacts\4637fc0f-c4a7-4ad6-8f78-0a9c7eddfbdb\code\frontend\.next\server\vendor-chunks\framer-motion.js:1080:1)
    at __webpack_require__ (D:\Palak\Idea-to-deploy\apps\api\data\artifacts\4637fc0f-c4a7-4ad6-8f78-0a9c7eddfbdb\code\frontend\.next\server\webpack-runtime.js:33:42)
    at eval (webpack-internal:///(rsc)/./app/page.tsx:13:71)
    at (rsc)/./app/page.tsx (D:\Palak\Idea-to-deploy\apps\api\data\artifacts\4637fc0f-c4a7-4ad6-8f78-0a9c7eddfbdb\code\frontend\.next\server\app\page.js:162:1)
    at __webpack_require__ (D:\Palak\Idea-to-deploy\apps\api\data\artifacts\4637fc0f-c4a7-4ad6-8f78-0a9c7eddfbdb\code\frontend\.next\server\webpack-runtime.js:33:42)
    at runNextTicks (node:internal/process/task_queues:64:5)
    at listOnTimeout (node:internal/timers:567:9)
    at process.processTimers (node:internal/timers:541:7)
    at async eq (D:\Palak\Idea-to-deploy\apps\api\data\artifacts\4637fc0f-c4a7-4ad6-8f78-0a9c7eddfbdb\code\frontend\node_modules\next\dist\compiled\next-server\app-page.runtime.dev.js:35:402260)
    at async tr (D:\Palak\Idea-to-deploy\apps\api\data\artifacts\4637fc0f-c4a7-4ad6-8f78-0a9c7eddfbdb\code\frontend\node_modules\next\dist\compiled\next-server\app-page.runtime.dev.js:35:405987)
    at async tn (D:\Palak\Idea-to-deploy\apps\api\data\artifacts\4637fc0f-c4a7-4ad6-8f78-0a9c7eddfbdb\code\frontend\node_modules\next\dist\compiled\next-server\app-page.runtime.dev.js:35:406537)
    at async tn (D:\Palak\Idea-to-deploy\apps\api\data\artifacts\4637fc0f-c4a7-4ad6-8f78-0a9c7eddfbdb\code\frontend\node_modules\next\dist\compiled\next-server\app-page.runtime.dev.js:35:406668)
    at async tu (D:\Palak\Idea-to-deploy\apps\api\data\artifacts\4637fc0f-c4a7-4ad6-8f78-0a9c7eddfbdb\code\frontend\node_modules\next\dist\compiled\next-server\app-page.runtime.dev.js:36:2057)
    at async D:\Palak\Idea-to-deploy\apps\api\data\artifacts\4637fc0f-c4a7-4ad6-8f78-0a9c7eddfbdb\code\frontend\node_modules\next\dist\compiled\next-server\app-page.runtime.dev.js:36:2564 {
  digest: '1737602124',
  page: '/'
}
null
TypeError: (0 , react__WEBPACK_IMPORTED_MODULE_0__.createContext) is not a function
    at eval (webpack-internal:///(rsc)/./node_modules/framer-motion/dist/es/context/MotionConfigContext.mjs:9:99)
    at (rsc)/./node_modules/framer-motion/dist/es/context/MotionConfigContext.mjs (D:\Palak\Idea-to-deploy\apps\api\data\artifacts\4637fc0f-c4a7-4ad6-8f78-0a9c7eddfbdb\code\frontend\.next\server\vendor-chunks\framer-motion.js:310:1)
    at __webpack_require__ (D:\Palak\Idea-to-deploy\apps\api\data\artifacts\4637fc0f-c4a7-4ad6-8f78-0a9c7eddfbdb\code\frontend\.next\server\webpack-runtime.js:33:42)
    at eval (webpack-internal:///(rsc)/./node_modules/framer-motion/dist/es/motion/index.mjs:6:90)
    at (rsc)/./node_modules/framer-motion/dist/es/motion/index.mjs (D:\Palak\Idea-to-deploy\apps\api\data\artifacts\4637fc0f-c4a7-4ad6-8f78-0a9c7eddfbdb\code\frontend\.next\server\vendor-chunks\framer-motion.js:770:1)
    at __webpack_require__ (D:\Palak\Idea-to-deploy\apps\api\data\artifacts\4637fc0f-c4a7-4ad6-8f78-0a9c7eddfbdb\code\frontend\.next\server\webpack-runtime.js:33:42)
    at eval (webpack-internal:///(rsc)/./node_modules/framer-motion/dist/es/render/dom/motion.mjs:6:75)
    at (rsc)/./node_modules/framer-motion/dist/es/render/dom/motion.mjs (D:\Palak\Idea-to-deploy\apps\api\data\artifacts\4637fc0f-c4a7-4ad6-8f78-0a9c7eddfbdb\code\frontend\.next\server\vendor-chunks\framer-motion.js:1080:1)
    at __webpack_require__ (D:\Palak\Idea-to-deploy\apps\api\data\artifacts\4637fc0f-c4a7-4ad6-8f78-0a9c7eddfbdb\code\frontend\.next\server\webpack-runtime.js:33:42)
    at eval (webpack-internal:///(rsc)/./app/page.tsx:13:71)
    at (rsc)/./app/page.tsx (D:\Palak\Idea-to-deploy\apps\api\data\artifacts\4637fc0f-c4a7-4ad6-8f78-0a9c7eddfbdb\code\frontend\.next\server\app\page.js:162:1)
    at __webpack_require__ (D:\Palak\Idea-to-deploy\apps\api\data\artifacts\4637fc0f-c4a7-4ad6-8f78-0a9c7eddfbdb\code\frontend\.next\server\webpack-runtime.js:33:42)
    at runNextTicks (node:internal/process/task_queues:64:5)
    at listOnTimeout (node:internal/timers:567:9)
    at process.processTimers (node:internal/timers:541:7)
    at async eq (D:\Palak\Idea-to-deploy\apps\api\data\artifacts\4637fc0f-c4a7-4ad6-8f78-0a9c7eddfbdb\code\frontend\node_modules\next\dist\compiled\next-server\app-page.runtime.dev.js:35:402260)
    at async tr (D:\Palak\Idea-to-deploy\apps\api\data\artifacts\4637fc0f-c4a7-4ad6-8f78-0a9c7eddfbdb\code\frontend\node_modules\next\dist\compiled\next-server\app-page.runtime.dev.js:35:405987)
    at async tn (D:\Palak\Idea-to-deploy\apps\api\data\artifacts\4637fc0f-c4a7-4ad6-8f78-0a9c7eddfbdb\code\frontend\node_modules\next\dist\compiled\next-server\app-page.runtime.dev.js:35:406537)
    at async tn (D:\Palak\Idea-to-deploy\apps\api\data\artifacts\4637fc0f-c4a7-4ad6-8f78-0a9c7eddfbdb\code\frontend\node_modules\next\dist\compiled\next-server\app-page.runtime.dev.js:35:406668)
    at async tu (D:\Palak\Idea-to-deploy\apps\api\data\artifacts\4637fc0f-c4a7-4ad6-8f78-0a9c7eddfbdb\code\frontend\node_modules\next\dist\compiled\next-server\app-page.runtime.dev.js:36:2057)
    at async D:\Palak\Idea-to-deploy\apps\api\data\artifacts\4637fc0f-c4a7-4ad6-8f78-0a9c7eddfbdb\code\frontend\node_modules\next\dist\compiled\next-server\app-page.runtime.dev.js:36:2564 {
  digest: '1737602124'
}
 ⨯ node_modules\framer-motion\dist\es\context\MotionConfigContext.mjs (6:42) @ eval
 ⨯ TypeError: (0 , react__WEBPACK_IMPORTED_MODULE_0__.createContext) is not a function
    at eval (webpack-internal:///(rsc)/./node_modules/framer-motion/dist/es/context/MotionConfigContext.mjs:9:99)
    at (rsc)/./node_modules/framer-motion/dist/es/context/MotionConfigContext.mjs (D:\Palak\Idea-to-deploy\apps\api\data\artifacts\4637fc0f-c4a7-4ad6-8f78-0a9c7eddfbdb\code\frontend\.next\server\vendor-chunks\framer-motion.js:310:1)
    at __webpack_require__ (D:\Palak\Idea-to-deploy\apps\api\data\artifacts\4637fc0f-c4a7-4ad6-8f78-0a9c7eddfbdb\code\frontend\.next\server\webpack-runtime.js:33:42)
    at eval (webpack-internal:///(rsc)/./node_modules/framer-motion/dist/es/motion/index.mjs:6:90)
    at (rsc)/./node_modules/framer-motion/dist/es/motion/index.mjs (D:\Palak\Idea-to-deploy\apps\api\data\artifacts\4637fc0f-c4a7-4ad6-8f78-0a9c7eddfbdb\code\frontend\.next\server\vendor-chunks\framer-motion.js:770:1)
    at __webpack_require__ (D:\Palak\Idea-to-deploy\apps\api\data\artifacts\4637fc0f-c4a7-4ad6-8f78-0a9c7eddfbdb\code\frontend\.next\server\webpack-runtime.js:33:42)
    at eval (webpack-internal:///(rsc)/./node_modules/framer-motion/dist/es/render/dom/motion.mjs:6:75)
    at (rsc)/./node_modules/framer-motion/dist/es/render/dom/motion.mjs (D:\Palak\Idea-to-deploy\apps\api\data\artifacts\4637fc0f-c4a7-4ad6-8f78-0a9c7eddfbdb\code\frontend\.next\server\vendor-chunks\framer-motion.js:1080:1)
    at __webpack_require__ (D:\Palak\Idea-to-deploy\apps\api\data\artifacts\4637fc0f-c4a7-4ad6-8f78-0a9c7eddfbdb\code\frontend\.next\server\webpack-runtime.js:33:42)
    at eval (webpack-internal:///(rsc)/./app/page.tsx:13:71)
    at (rsc)/./app/page.tsx (D:\Palak\Idea-to-deploy\apps\api\data\artifacts\4637fc0f-c4a7-4ad6-8f78-0a9c7eddfbdb\code\frontend\.next\server\app\page.js:162:1)
    at __webpack_require__ (D:\Palak\Idea-to-deploy\apps\api\data\artifacts\4637fc0f-c4a7-4ad6-8f78-0a9c7eddfbdb\code\frontend\.next\server\webpack-runtime.js:33:42)
    at runNextTicks (node:internal/process/task_queues:64:5)
    at listOnTimeout (node:internal/timers:567:9)
    at process.processTimers (node:internal/timers:541:7)
    at async eq (D:\Palak\Idea-to-deploy\apps\api\data\artifacts\4637fc0f-c4a7-4ad6-8f78-0a9c7eddfbdb\code\frontend\node_modules\next\dist\compiled\next-server\app-page.runtime.dev.js:35:402260)
    at async tr (D:\Palak\Idea-to-deploy\apps\api\data\artifacts\4637fc0f-c4a7-4ad6-8f78-0a9c7eddfbdb\code\frontend\node_modules\next\dist\compiled\next-server\app-page.runtime.dev.js:35:405987)
    at async tn (D:\Palak\Idea-to-deploy\apps\api\data\artifacts\4637fc0f-c4a7-4ad6-8f78-0a9c7eddfbdb\code\frontend\node_modules\next\dist\compiled\next-server\app-page.runtime.dev.js:35:406537)
    at async tn (D:\Palak\Idea-to-deploy\apps\api\data\artifacts\4637fc0f-c4a7-4ad6-8f78-0a9c7eddfbdb\code\frontend\node_modules\next\dist\compiled\next-server\app-page.runtime.dev.js:35:406668)
    at async tu (D:\Palak\Idea-to-deploy\apps\api\data\artifacts\4637fc0f-c4a7-4ad6-8f78-0a9c7eddfbdb\code\frontend\node_modules\next\dist\compiled\next-server\app-page.runtime.dev.js:36:2057)
    at async D:\Palak\Idea-to-deploy\apps\api\data\artifacts\4637fc0f-c4a7-4ad6-8f78-0a9c7eddfbdb\code\frontend\node_modules\next\dist\compiled\next-server\app-page.runtime.dev.js:36:2564 {
  digest: '1737602124',
  page: '/'
}
null
 ⨯ node_modules\framer-motion\dist\es\context\MotionConfigContext.mjs (6:42) @ eval
 ⨯ TypeError: (0 , react__WEBPACK_IMPORTED_MODULE_0__.createContext) is not a function
    at __webpack_require__ (D:\Palak\Idea-to-deploy\apps\api\data\artifacts\4637fc0f-c4a7-4ad6-8f78-0a9c7eddfbdb\code\frontend\.next\server\webpack-runtime.js:33:42)
    at __webpack_require__ (D:\Palak\Idea-to-deploy\apps\api\data\artifacts\4637fc0f-c4a7-4ad6-8f78-0a9c7eddfbdb\code\frontend\.next\server\webpack-runtime.js:33:42)
    at __webpack_require__ (D:\Palak\Idea-to-deploy\apps\api\data\artifacts\4637fc0f-c4a7-4ad6-8f78-0a9c7eddfbdb\code\frontend\.next\server\webpack-runtime.js:33:42)
    at eval (./app/page.tsx:13:71)
    at (rsc)/./app/page.tsx (D:\Palak\Idea-to-deploy\apps\api\data\artifacts\4637fc0f-c4a7-4ad6-8f78-0a9c7eddfbdb\code\frontend\.next\server\app\page.js:162:1)
    at __webpack_require__ (D:\Palak\Idea-to-deploy\apps\api\data\artifacts\4637fc0f-c4a7-4ad6-8f78-0a9c7eddfbdb\code\frontend\.next\server\webpack-runtime.js:33:42)
    at async Promise.all (index 0)
null
 ⨯ node_modules\framer-motion\dist\es\context\MotionConfigContext.mjs (6:42) @ eval
 ⨯ TypeError: (0 , react__WEBPACK_IMPORTED_MODULE_0__.createContext) is not a function
    at __webpack_require__ (D:\Palak\Idea-to-deploy\apps\api\data\artifacts\4637fc0f-c4a7-4ad6-8f78-0a9c7eddfbdb\code\frontend\.next\server\webpack-runtime.js:33:42)
    at __webpack_require__ (D:\Palak\Idea-to-deploy\apps\api\data\artifacts\4637fc0f-c4a7-4ad6-8f78-0a9c7eddfbdb\code\frontend\.next\server\webpack-runtime.js:33:42)
    at __webpack_require__ (D:\Palak\Idea-to-deploy\apps\api\data\artifacts\4637fc0f-c4a7-4ad6-8f78-0a9c7eddfbdb\code\frontend\.next\server\webpack-runtime.js:33:42)
    at eval (./app/page.tsx:13:71)
    at (rsc)/./app/page.tsx (D:\Palak\Idea-to-deploy\apps\api\data\artifacts\4637fc0f-c4a7-4ad6-8f78-0a9c7eddfbdb\code\frontend\.next\server\app\page.js:162:1)
    at __webpack_require__ (D:\Palak\Idea-to-deploy\apps\api\data\artifacts\4637fc0f-c4a7-4ad6-8f78-0a9c7eddfbdb\code\frontend\.next\server\webpack-runtime.js:33:42)
    at async Promise.all (index 0)
digest: "1544141074"
null
 ⨯ node_modules\framer-motion\dist\es\context\MotionConfigContext.mjs (6:42) @ eval
 ⨯ TypeError: (0 , react__WEBPACK_IMPORTED_MODULE_0__.createContext) is not a function
    at __webpack_require__ (D:\Palak\Idea-to-deploy\apps\api\data\artifacts\4637fc0f-c4a7-4ad6-8f78-0a9c7eddfbdb\code\frontend\.next\server\webpack-runtime.js:33:42)
    at __webpack_require__ (D:\Palak\Idea-to-deploy\apps\api\data\artifacts\4637fc0f-c4a7-4ad6-8f78-0a9c7eddfbdb\code\frontend\.next\server\webpack-runtime.js:33:42)
    at __webpack_require__ (D:\Palak\Idea-to-deploy\apps\api\data\artifacts\4637fc0f-c4a7-4ad6-8f78-0a9c7eddfbdb\code\frontend\.next\server\webpack-runtime.js:33:42)
    at eval (./app/page.tsx:13:71)
    at (rsc)/./app/page.tsx (D:\Palak\Idea-to-deploy\apps\api\data\artifacts\4637fc0f-c4a7-4ad6-8f78-0a9c7eddfbdb\code\frontend\.next\server\app\page.js:162:1)
    at __webpack_require__ (D:\Palak\Idea-to-deploy\apps\api\data\artifacts\4637fc0f-c4a7-4ad6-8f78-0a9c7eddfbdb\code\frontend\.next\server\webpack-runtime.js:33:42)
null
TypeError: (0 , react__WEBPACK_IMPORTED_MODULE_0__.createContext) is not a function
    at eval (webpack-internal:///(rsc)/./node_modules/framer-motion/dist/es/context/MotionConfigContext.mjs:9:99)
    at (rsc)/./node_modules/framer-motion/dist/es/context/MotionConfigContext.mjs (D:\Palak\Idea-to-deploy\apps\api\data\artifacts\4637fc0f-c4a7-4ad6-8f78-0a9c7eddfbdb\code\frontend\.next\server\vendor-chunks\framer-motion.js:310:1)
    at __webpack_require__ (D:\Palak\Idea-to-deploy\apps\api\data\artifacts\4637fc0f-c4a7-4ad6-8f78-0a9c7eddfbdb\code\frontend\.next\server\webpack-runtime.js:33:42)
    at eval (webpack-internal:///(rsc)/./node_modules/framer-motion/dist/es/motion/index.mjs:6:90)
    at (rsc)/./node_modules/framer-motion/dist/es/motion/index.mjs (D:\Palak\Idea-to-deploy\apps\api\data\artifacts\4637fc0f-c4a7-4ad6-8f78-0a9c7eddfbdb\code\frontend\.next\server\vendor-chunks\framer-motion.js:770:1)
    at __webpack_require__ (D:\Palak\Idea-to-deploy\apps\api\data\artifacts\4637fc0f-c4a7-4ad6-8f78-0a9c7eddfbdb\code\frontend\.next\server\webpack-runtime.js:33:42)
    at eval (webpack-internal:///(rsc)/./node_modules/framer-motion/dist/es/render/dom/motion.mjs:6:75)
    at (rsc)/./node_modules/framer-motion/dist/es/render/dom/motion.mjs (D:\Palak\Idea-to-deploy\apps\api\data\artifacts\4637fc0f-c4a7-4ad6-8f78-0a9c7eddfbdb\code\frontend\.next\server\vendor-chunks\framer-motion.js:1080:1)
    at __webpack_require__ (D:\Palak\Idea-to-deploy\apps\api\data\artifacts\4637fc0f-c4a7-4ad6-8f78-0a9c7eddfbdb\code\frontend\.next\server\webpack-runtime.js:33:42)
    at eval (webpack-internal:///(rsc)/./app/page.tsx:13:71)
    at (rsc)/./app/page.tsx (D:\Palak\Idea-to-deploy\apps\api\data\artifacts\4637fc0f-c4a7-4ad6-8f78-0a9c7eddfbdb\code\frontend\.next\server\app\page.js:162:1)
    at __webpack_require__ (D:\Palak\Idea-to-deploy\apps\api\data\artifacts\4637fc0f-c4a7-4ad6-8f78-0a9c7eddfbdb\code\frontend\.next\server\webpack-runtime.js:33:42)
    at runNextTicks (node:internal/process/task_queues:64:5)
    at listOnTimeout (node:internal/timers:567:9)
    at process.processTimers (node:internal/timers:541:7)
    at async eq (D:\Palak\Idea-to-deploy\apps\api\data\artifacts\4637fc0f-c4a7-4ad6-8f78-0a9c7eddfbdb\code\frontend\node_modules\next\dist\compiled\next-server\app-page.runtime.dev.js:35:402260)
    at async tr (D:\Palak\Idea-to-deploy\apps\api\data\artifacts\4637fc0f-c4a7-4ad6-8f78-0a9c7eddfbdb\code\frontend\node_modules\next\dist\compiled\next-server\app-page.runtime.dev.js:35:405987)
    at async tn (D:\Palak\Idea-to-deploy\apps\api\data\artifacts\4637fc0f-c4a7-4ad6-8f78-0a9c7eddfbdb\code\frontend\node_modules\next\dist\compiled\next-server\app-page.runtime.dev.js:35:406537)
    at async tn (D:\Palak\Idea-to-deploy\apps\api\data\artifacts\4637fc0f-c4a7-4ad6-8f78-0a9c7eddfbdb\code\frontend\node_modules\next\dist\compiled\next-server\app-page.runtime.dev.js:35:406668)
    at async tu (D:\Palak\Idea-to-deploy\apps\api\data\artifacts\4637fc0f-c4a7-4ad6-8f78-0a9c7eddfbdb\code\frontend\node_modules\next\dist\compiled\next-server\app-page.runtime.dev.js:36:2057)
    at async D:\Palak\Idea-to-deploy\apps\api\data\artifacts\4637fc0f-c4a7-4ad6-8f78-0a9c7eddfbdb\code\frontend\node_modules\next\dist\compiled\next-server\app-page.runtime.dev.js:36:2564 {
  digest: '1737602124'
}
 ⨯ node_modules\framer-motion\dist\es\context\MotionConfigContext.mjs (6:42) @ eval
 ⨯ TypeError: (0 , react__WEBPACK_IMPORTED_MODULE_0__.createContext) is not a function
    at eval (webpack-internal:///(rsc)/./node_modules/framer-motion/dist/es/context/MotionConfigContext.mjs:9:99)
    at (rsc)/./node_modules/framer-motion/dist/es/context/MotionConfigContext.mjs (D:\Palak\Idea-to-deploy\apps\api\data\artifacts\4637fc0f-c4a7-4ad6-8f78-0a9c7eddfbdb\code\frontend\.next\server\vendor-chunks\framer-motion.js:310:1)
    at __webpack_require__ (D:\Palak\Idea-to-deploy\apps\api\data\artifacts\4637fc0f-c4a7-4ad6-8f78-0a9c7eddfbdb\code\frontend\.next\server\webpack-runtime.js:33:42)
    at eval (webpack-internal:///(rsc)/./node_modules/framer-motion/dist/es/motion/index.mjs:6:90)
    at (rsc)/./node_modules/framer-motion/dist/es/motion/index.mjs (D:\Palak\Idea-to-deploy\apps\api\data\artifacts\4637fc0f-c4a7-4ad6-8f78-0a9c7eddfbdb\code\frontend\.next\server\vendor-chunks\framer-motion.js:770:1)
    at __webpack_require__ (D:\Palak\Idea-to-deploy\apps\api\data\artifacts\4637fc0f-c4a7-4ad6-8f78-0a9c7eddfbdb\code\frontend\.next\server\webpack-runtime.js:33:42)
    at eval (webpack-internal:///(rsc)/./node_modules/framer-motion/dist/es/render/dom/motion.mjs:6:75)
    at (rsc)/./node_modules/framer-motion/dist/es/render/dom/motion.mjs (D:\Palak\Idea-to-deploy\apps\api\data\artifacts\4637fc0f-c4a7-4ad6-8f78-0a9c7eddfbdb\code\frontend\.next\server\vendor-chunks\framer-motion.js:1080:1)
    at __webpack_require__ (D:\Palak\Idea-to-deploy\apps\api\data\artifacts\4637fc0f-c4a7-4ad6-8f78-0a9c7eddfbdb\code\frontend\.next\server\webpack-runtime.js:33:42)
    at eval (webpack-internal:///(rsc)/./app/page.tsx:13:71)
    at (rsc)/./app/page.tsx (D:\Palak\Idea-to-deploy\apps\api\data\artifacts\4637fc0f-c4a7-4ad6-8f78-0a9c7eddfbdb\code\frontend\.next\server\app\page.js:162:1)
    at __webpack_require__ (D:\Palak\Idea-to-deploy\apps\api\data\artifacts\4637fc0f-c4a7-4ad6-8f78-0a9c7eddfbdb\code\frontend\.next\server\webpack-runtime.js:33:42)
    at runNextTicks (node:internal/process/task_queues:64:5)
    at listOnTimeout (node:internal/timers:567:9)
    at process.processTimers (node:internal/timers:541:7)
    at async eq (D:\Palak\Idea-to-deploy\apps\api\data\artifacts\4637fc0f-c4a7-4ad6-8f78-0a9c7eddfbdb\code\frontend\node_modules\next\dist\compiled\next-server\app-page.runtime.dev.js:35:402260)
    at async tr (D:\Palak\Idea-to-deploy\apps\api\data\artifacts\4637fc0f-c4a7-4ad6-8f78-0a9c7eddfbdb\code\frontend\node_modules\next\dist\compiled\next-server\app-page.runtime.dev.js:35:405987)
    at async tn (D:\Palak\Idea-to-deploy\apps\api\data\artifacts\4637fc0f-c4a7-4ad6-8f78-0a9c7eddfbdb\code\frontend\node_modules\next\dist\compiled\next-server\app-page.runtime.dev.js:35:406537)
    at async tn (D:\Palak\Idea-to-deploy\apps\api\data\artifacts\4637fc0f-c4a7-4ad6-8f78-0a9c7eddfbdb\code\frontend\node_modules\next\dist\compiled\next-server\app-page.runtime.dev.js:35:406668)
    at async tu (D:\Palak\Idea-to-deploy\apps\api\data\artifacts\4637fc0f-c4a7-4ad6-8f78-0a9c7eddfbdb\code\frontend\node_modules\next\dist\compiled\next-server\app-page.runtime.dev.js:36:2057)
    at async D:\Palak\Idea-to-deploy\apps\api\data\artifacts\4637fc0f-c4a7-4ad6-8f78-0a9c7eddfbdb\code\frontend\node_modules\next\dist\compiled\next-server\app-page.runtime.dev.js:36:2564 {
  digest: '1737602124',
  page: '/'
}
null

--- STARTING SERVER ON PORT 3059 ---

> build-a-customer-support-platform-that-allows-user...@0.1.0 dev
> next dev -p 3059

   ▲ Next.js 14.1.0
   - Local:        http://localhost:3059

 ✓ Ready in 2.1s
 ○ Compiling / ...
 ✓ Compiled / in 1312ms (768 modules)
 ⨯ node_modules\framer-motion\dist\es\context\MotionConfigContext.mjs (6:42) @ eval
 ⨯ TypeError: (0 , react__WEBPACK_IMPORTED_MODULE_0__.createContext) is not a function
    at __webpack_require__ (D:\Palak\Idea-to-deploy\apps\api\data\artifacts\4637fc0f-c4a7-4ad6-8f78-0a9c7eddfbdb\code\frontend\.next\server\webpack-runtime.js:33:42)
    at __webpack_require__ (D:\Palak\Idea-to-deploy\apps\api\data\artifacts\4637fc0f-c4a7-4ad6-8f78-0a9c7eddfbdb\code\frontend\.next\server\webpack-runtime.js:33:42)
    at __webpack_require__ (D:\Palak\Idea-to-deploy\apps\api\data\artifacts\4637fc0f-c4a7-4ad6-8f78-0a9c7eddfbdb\code\frontend\.next\server\webpack-runtime.js:33:42)
    at eval (./app/page.tsx:13:71)
    at (rsc)/./app/page.tsx (D:\Palak\Idea-to-deploy\apps\api\data\artifacts\4637fc0f-c4a7-4ad6-8f78-0a9c7eddfbdb\code\frontend\.next\server\app\page.js:162:1)
    at __webpack_require__ (D:\Palak\Idea-to-deploy\apps\api\data\artifacts\4637fc0f-c4a7-4ad6-8f78-0a9c7eddfbdb\code\frontend\.next\server\webpack-runtime.js:33:42)
    at async Promise.all (index 0)
null
 ⨯ node_modules\framer-motion\dist\es\context\MotionConfigContext.mjs (6:42) @ eval
 ⨯ TypeError: (0 , react__WEBPACK_IMPORTED_MODULE_0__.createContext) is not a function
    at __webpack_require__ (D:\Palak\Idea-to-deploy\apps\api\data\artifacts\4637fc0f-c4a7-4ad6-8f78-0a9c7eddfbdb\code\frontend\.next\server\webpack-runtime.js:33:42)
    at __webpack_require__ (D:\Palak\Idea-to-deploy\apps\api\data\artifacts\4637fc0f-c4a7-4ad6-8f78-0a9c7eddfbdb\code\frontend\.next\server\webpack-runtime.js:33:42)
    at __webpack_require__ (D:\Palak\Idea-to-deploy\apps\api\data\artifacts\4637fc0f-c4a7-4ad6-8f78-0a9c7eddfbdb\code\frontend\.next\server\webpack-runtime.js:33:42)
    at eval (./app/page.tsx:13:71)
    at (rsc)/./app/page.tsx (D:\Palak\Idea-to-deploy\apps\api\data\artifacts\4637fc0f-c4a7-4ad6-8f78-0a9c7eddfbdb\code\frontend\.next\server\app\page.js:162:1)
    at __webpack_require__ (D:\Palak\Idea-to-deploy\apps\api\data\artifacts\4637fc0f-c4a7-4ad6-8f78-0a9c7eddfbdb\code\frontend\.next\server\webpack-runtime.js:33:42)
    at async Promise.all (index 0)
digest: "1544141074"
null
 ⨯ node_modules\framer-motion\dist\es\context\MotionConfigContext.mjs (6:42) @ eval
 ⨯ TypeError: (0 , react__WEBPACK_IMPORTED_MODULE_0__.createContext) is not a function
    at __webpack_require__ (D:\Palak\Idea-to-deploy\apps\api\data\artifacts\4637fc0f-c4a7-4ad6-8f78-0a9c7eddfbdb\code\frontend\.next\server\webpack-runtime.js:33:42)
    at __webpack_require__ (D:\Palak\Idea-to-deploy\apps\api\data\artifacts\4637fc0f-c4a7-4ad6-8f78-0a9c7eddfbdb\code\frontend\.next\server\webpack-runtime.js:33:42)
    at __webpack_require__ (D:\Palak\Idea-to-deploy\apps\api\data\artifacts\4637fc0f-c4a7-4ad6-8f78-0a9c7eddfbdb\code\frontend\.next\server\webpack-runtime.js:33:42)
    at eval (./app/page.tsx:13:71)
    at (rsc)/./app/page.tsx (D:\Palak\Idea-to-deploy\apps\api\data\artifacts\4637fc0f-c4a7-4ad6-8f78-0a9c7eddfbdb\code\frontend\.next\server\app\page.js:162:1)
    at __webpack_require__ (D:\Palak\Idea-to-deploy\apps\api\data\artifacts\4637fc0f-c4a7-4ad6-8f78-0a9c7eddfbdb\code\frontend\.next\server\webpack-runtime.js:33:42)
null
TypeError: (0 , react__WEBPACK_IMPORTED_MODULE_0__.createContext) is not a function
    at eval (webpack-internal:///(rsc)/./node_modules/framer-motion/dist/es/context/MotionConfigContext.mjs:9:99)
    at (rsc)/./node_modules/framer-motion/dist/es/context/MotionConfigContext.mjs (D:\Palak\Idea-to-deploy\apps\api\data\artifacts\4637fc0f-c4a7-4ad6-8f78-0a9c7eddfbdb\code\frontend\.next\server\vendor-chunks\framer-motion.js:310:1)
    at __webpack_require__ (D:\Palak\Idea-to-deploy\apps\api\data\artifacts\4637fc0f-c4a7-4ad6-8f78-0a9c7eddfbdb\code\frontend\.next\server\webpack-runtime.js:33:42)
    at eval (webpack-internal:///(rsc)/./node_modules/framer-motion/dist/es/motion/index.mjs:6:90)
    at (rsc)/./node_modules/framer-motion/dist/es/motion/index.mjs (D:\Palak\Idea-to-deploy\apps\api\data\artifacts\4637fc0f-c4a7-4ad6-8f78-0a9c7eddfbdb\code\frontend\.next\server\vendor-chunks\framer-motion.js:770:1)
    at __webpack_require__ (D:\Palak\Idea-to-deploy\apps\api\data\artifacts\4637fc0f-c4a7-4ad6-8f78-0a9c7eddfbdb\code\frontend\.next\server\webpack-runtime.js:33:42)
    at eval (webpack-internal:///(rsc)/./node_modules/framer-motion/dist/es/render/dom/motion.mjs:6:75)
    at (rsc)/./node_modules/framer-motion/dist/es/render/dom/motion.mjs (D:\Palak\Idea-to-deploy\apps\api\data\artifacts\4637fc0f-c4a7-4ad6-8f78-0a9c7eddfbdb\code\frontend\.next\server\vendor-chunks\framer-motion.js:1080:1)
    at __webpack_require__ (D:\Palak\Idea-to-deploy\apps\api\data\artifacts\4637fc0f-c4a7-4ad6-8f78-0a9c7eddfbdb\code\frontend\.next\server\webpack-runtime.js:33:42)
    at eval (webpack-internal:///(rsc)/./app/page.tsx:13:71)
    at (rsc)/./app/page.tsx (D:\Palak\Idea-to-deploy\apps\api\data\artifacts\4637fc0f-c4a7-4ad6-8f78-0a9c7eddfbdb\code\frontend\.next\server\app\page.js:162:1)
    at __webpack_require__ (D:\Palak\Idea-to-deploy\apps\api\data\artifacts\4637fc0f-c4a7-4ad6-8f78-0a9c7eddfbdb\code\frontend\.next\server\webpack-runtime.js:33:42)
    at runNextTicks (node:internal/process/task_queues:64:5)
    at listOnTimeout (node:internal/timers:567:9)
    at process.processTimers (node:internal/timers:541:7)
    at async eq (D:\Palak\Idea-to-deploy\apps\api\data\artifacts\4637fc0f-c4a7-4ad6-8f78-0a9c7eddfbdb\code\frontend\node_modules\next\dist\compiled\next-server\app-page.runtime.dev.js:35:402260)
    at async tr (D:\Palak\Idea-to-deploy\apps\api\data\artifacts\4637fc0f-c4a7-4ad6-8f78-0a9c7eddfbdb\code\frontend\node_modules\next\dist\compiled\next-server\app-page.runtime.dev.js:35:405987)
    at async tn (D:\Palak\Idea-to-deploy\apps\api\data\artifacts\4637fc0f-c4a7-4ad6-8f78-0a9c7eddfbdb\code\frontend\node_modules\next\dist\compiled\next-server\app-page.runtime.dev.js:35:406537)
    at async tn (D:\Palak\Idea-to-deploy\apps\api\data\artifacts\4637fc0f-c4a7-4ad6-8f78-0a9c7eddfbdb\code\frontend\node_modules\next\dist\compiled\next-server\app-page.runtime.dev.js:35:406668)
    at async tu (D:\Palak\Idea-to-deploy\apps\api\data\artifacts\4637fc0f-c4a7-4ad6-8f78-0a9c7eddfbdb\code\frontend\node_modules\next\dist\compiled\next-server\app-page.runtime.dev.js:36:2057)
    at async D:\Palak\Idea-to-deploy\apps\api\data\artifacts\4637fc0f-c4a7-4ad6-8f78-0a9c7eddfbdb\code\frontend\node_modules\next\dist\compiled\next-server\app-page.runtime.dev.js:36:2564 {
  digest: '1737602124'
}
 ⨯ node_modules\framer-motion\dist\es\context\MotionConfigContext.mjs (6:42) @ eval
 ⨯ TypeError: (0 , react__WEBPACK_IMPORTED_MODULE_0__.createContext) is not a function
    at eval (webpack-internal:///(rsc)/./node_modules/framer-motion/dist/es/context/MotionConfigContext.mjs:9:99)
    at (rsc)/./node_modules/framer-motion/dist/es/context/MotionConfigContext.mjs (D:\Palak\Idea-to-deploy\apps\api\data\artifacts\4637fc0f-c4a7-4ad6-8f78-0a9c7eddfbdb\code\frontend\.next\server\vendor-chunks\framer-motion.js:310:1)
    at __webpack_require__ (D:\Palak\Idea-to-deploy\apps\api\data\artifacts\4637fc0f-c4a7-4ad6-8f78-0a9c7eddfbdb\code\frontend\.next\server\webpack-runtime.js:33:42)
    at eval (webpack-internal:///(rsc)/./node_modules/framer-motion/dist/es/motion/index.mjs:6:90)
    at (rsc)/./node_modules/framer-motion/dist/es/motion/index.mjs (D:\Palak\Idea-to-deploy\apps\api\data\artifacts\4637fc0f-c4a7-4ad6-8f78-0a9c7eddfbdb\code\frontend\.next\server\vendor-chunks\framer-motion.js:770:1)
    at __webpack_require__ (D:\Palak\Idea-to-deploy\apps\api\data\artifacts\4637fc0f-c4a7-4ad6-8f78-0a9c7eddfbdb\code\frontend\.next\server\webpack-runtime.js:33:42)
    at eval (webpack-internal:///(rsc)/./node_modules/framer-motion/dist/es/render/dom/motion.mjs:6:75)
    at (rsc)/./node_modules/framer-motion/dist/es/render/dom/motion.mjs (D:\Palak\Idea-to-deploy\apps\api\data\artifacts\4637fc0f-c4a7-4ad6-8f78-0a9c7eddfbdb\code\frontend\.next\server\vendor-chunks\framer-motion.js:1080:1)
    at __webpack_require__ (D:\Palak\Idea-to-deploy\apps\api\data\artifacts\4637fc0f-c4a7-4ad6-8f78-0a9c7eddfbdb\code\frontend\.next\server\webpack-runtime.js:33:42)
    at eval (webpack-internal:///(rsc)/./app/page.tsx:13:71)
    at (rsc)/./app/page.tsx (D:\Palak\Idea-to-deploy\apps\api\data\artifacts\4637fc0f-c4a7-4ad6-8f78-0a9c7eddfbdb\code\frontend\.next\server\app\page.js:162:1)
    at __webpack_require__ (D:\Palak\Idea-to-deploy\apps\api\data\artifacts\4637fc0f-c4a7-4ad6-8f78-0a9c7eddfbdb\code\frontend\.next\server\webpack-runtime.js:33:42)
    at runNextTicks (node:internal/process/task_queues:64:5)
    at listOnTimeout (node:internal/timers:567:9)
    at process.processTimers (node:internal/timers:541:7)
    at async eq (D:\Palak\Idea-to-deploy\apps\api\data\artifacts\4637fc0f-c4a7-4ad6-8f78-0a9c7eddfbdb\code\frontend\node_modules\next\dist\compiled\next-server\app-page.runtime.dev.js:35:402260)
    at async tr (D:\Palak\Idea-to-deploy\apps\api\data\artifacts\4637fc0f-c4a7-4ad6-8f78-0a9c7eddfbdb\code\frontend\node_modules\next\dist\compiled\next-server\app-page.runtime.dev.js:35:405987)
    at async tn (D:\Palak\Idea-to-deploy\apps\api\data\artifacts\4637fc0f-c4a7-4ad6-8f78-0a9c7eddfbdb\code\frontend\node_modules\next\dist\compiled\next-server\app-page.runtime.dev.js:35:406537)
    at async tn (D:\Palak\Idea-to-deploy\apps\api\data\artifacts\4637fc0f-c4a7-4ad6-8f78-0a9c7eddfbdb\code\frontend\node_modules\next\dist\compiled\next-server\app-page.runtime.dev.js:35:406668)
    at async tu (D:\Palak\Idea-to-deploy\apps\api\data\artifacts\4637fc0f-c4a7-4ad6-8f78-0a9c7eddfbdb\code\frontend\node_modules\next\dist\compiled\next-server\app-page.runtime.dev.js:36:2057)
    at async D:\Palak\Idea-to-deploy\apps\api\data\artifacts\4637fc0f-c4a7-4ad6-8f78-0a9c7eddfbdb\code\frontend\node_modules\next\dist\compiled\next-server\app-page.runtime.dev.js:36:2564 {
  digest: '1737602124',
  page: '/'
}
null
 ○ Compiling /_error ...
 ✓ Compiled /_error in 1000ms (917 modules)
 ⚠ Fast Refresh had to perform a full reload due to a runtime error.
 ⨯ node_modules\framer-motion\dist\es\context\MotionConfigContext.mjs (6:42) @ eval
 ⨯ TypeError: (0 , react__WEBPACK_IMPORTED_MODULE_0__.createContext) is not a function
    at __webpack_require__ (D:\Palak\Idea-to-deploy\apps\api\data\artifacts\4637fc0f-c4a7-4ad6-8f78-0a9c7eddfbdb\code\frontend\.next\server\webpack-runtime.js:33:42)
    at __webpack_require__ (D:\Palak\Idea-to-deploy\apps\api\data\artifacts\4637fc0f-c4a7-4ad6-8f78-0a9c7eddfbdb\code\frontend\.next\server\webpack-runtime.js:33:42)
    at __webpack_require__ (D:\Palak\Idea-to-deploy\apps\api\data\artifacts\4637fc0f-c4a7-4ad6-8f78-0a9c7eddfbdb\code\frontend\.next\server\webpack-runtime.js:33:42)
    at eval (./app/page.tsx:13:71)
    at (rsc)/./app/page.tsx (D:\Palak\Idea-to-deploy\apps\api\data\artifacts\4637fc0f-c4a7-4ad6-8f78-0a9c7eddfbdb\code\frontend\.next\server\app\page.js:162:1)
    at __webpack_require__ (D:\Palak\Idea-to-deploy\apps\api\data\artifacts\4637fc0f-c4a7-4ad6-8f78-0a9c7eddfbdb\code\frontend\.next\server\webpack-runtime.js:33:42)
    at async Promise.all (index 0)
null
 ⨯ node_modules\framer-motion\dist\es\context\MotionConfigContext.mjs (6:42) @ eval
 ⨯ TypeError: (0 , react__WEBPACK_IMPORTED_MODULE_0__.createContext) is not a function
    at __webpack_require__ (D:\Palak\Idea-to-deploy\apps\api\data\artifacts\4637fc0f-c4a7-4ad6-8f78-0a9c7eddfbdb\code\frontend\.next\server\webpack-runtime.js:33:42)
    at __webpack_require__ (D:\Palak\Idea-to-deploy\apps\api\data\artifacts\4637fc0f-c4a7-4ad6-8f78-0a9c7eddfbdb\code\frontend\.next\server\webpack-runtime.js:33:42)
    at __webpack_require__ (D:\Palak\Idea-to-deploy\apps\api\data\artifacts\4637fc0f-c4a7-4ad6-8f78-0a9c7eddfbdb\code\frontend\.next\server\webpack-runtime.js:33:42)
    at eval (./app/page.tsx:13:71)
    at (rsc)/./app/page.tsx (D:\Palak\Idea-to-deploy\apps\api\data\artifacts\4637fc0f-c4a7-4ad6-8f78-0a9c7eddfbdb\code\frontend\.next\server\app\page.js:162:1)
    at __webpack_require__ (D:\Palak\Idea-to-deploy\apps\api\data\artifacts\4637fc0f-c4a7-4ad6-8f78-0a9c7eddfbdb\code\frontend\.next\server\webpack-runtime.js:33:42)
    at async Promise.all (index 0)
null
 ⨯ node_modules\framer-motion\dist\es\context\MotionConfigContext.mjs (6:42) @ eval
 ⨯ TypeError: (0 , react__WEBPACK_IMPORTED_MODULE_0__.createContext) is not a function
    at __webpack_require__ (D:\Palak\Idea-to-deploy\apps\api\data\artifacts\4637fc0f-c4a7-4ad6-8f78-0a9c7eddfbdb\code\frontend\.next\server\webpack-runtime.js:33:42)
    at __webpack_require__ (D:\Palak\Idea-to-deploy\apps\api\data\artifacts\4637fc0f-c4a7-4ad6-8f78-0a9c7eddfbdb\code\frontend\.next\server\webpack-runtime.js:33:42)
    at __webpack_require__ (D:\Palak\Idea-to-deploy\apps\api\data\artifacts\4637fc0f-c4a7-4ad6-8f78-0a9c7eddfbdb\code\frontend\.next\server\webpack-runtime.js:33:42)
    at eval (./app/page.tsx:13:71)
    at (rsc)/./app/page.tsx (D:\Palak\Idea-to-deploy\apps\api\data\artifacts\4637fc0f-c4a7-4ad6-8f78-0a9c7eddfbdb\code\frontend\.next\server\app\page.js:162:1)
    at __webpack_require__ (D:\Palak\Idea-to-deploy\apps\api\data\artifacts\4637fc0f-c4a7-4ad6-8f78-0a9c7eddfbdb\code\frontend\.next\server\webpack-runtime.js:33:42)
    at async Promise.all (index 0)
null
 ⨯ node_modules\framer-motion\dist\es\context\MotionConfigContext.mjs (6:42) @ eval
 ⨯ TypeError: (0 , react__WEBPACK_IMPORTED_MODULE_0__.createContext) is not a function
    at __webpack_require__ (D:\Palak\Idea-to-deploy\apps\api\data\artifacts\4637fc0f-c4a7-4ad6-8f78-0a9c7eddfbdb\code\frontend\.next\server\webpack-runtime.js:33:42)
    at __webpack_require__ (D:\Palak\Idea-to-deploy\apps\api\data\artifacts\4637fc0f-c4a7-4ad6-8f78-0a9c7eddfbdb\code\frontend\.next\server\webpack-runtime.js:33:42)
    at __webpack_require__ (D:\Palak\Idea-to-deploy\apps\api\data\artifacts\4637fc0f-c4a7-4ad6-8f78-0a9c7eddfbdb\code\frontend\.next\server\webpack-runtime.js:33:42)
    at eval (./app/page.tsx:13:71)
    at (rsc)/./app/page.tsx (D:\Palak\Idea-to-deploy\apps\api\data\artifacts\4637fc0f-c4a7-4ad6-8f78-0a9c7eddfbdb\code\frontend\.next\server\app\page.js:162:1)
    at __webpack_require__ (D:\Palak\Idea-to-deploy\apps\api\data\artifacts\4637fc0f-c4a7-4ad6-8f78-0a9c7eddfbdb\code\frontend\.next\server\webpack-runtime.js:33:42)
    at async Promise.all (index 0)
digest: "878870109"
null
 ⨯ node_modules\framer-motion\dist\es\context\MotionConfigContext.mjs (6:42) @ eval
 ⨯ TypeError: (0 , react__WEBPACK_IMPORTED_MODULE_0__.createContext) is not a function
    at __webpack_require__ (D:\Palak\Idea-to-deploy\apps\api\data\artifacts\4637fc0f-c4a7-4ad6-8f78-0a9c7eddfbdb\code\frontend\.next\server\webpack-runtime.js:33:42)
    at __webpack_require__ (D:\Palak\Idea-to-deploy\apps\api\data\artifacts\4637fc0f-c4a7-4ad6-8f78-0a9c7eddfbdb\code\frontend\.next\server\webpack-runtime.js:33:42)
    at __webpack_require__ (D:\Palak\Idea-to-deploy\apps\api\data\artifacts\4637fc0f-c4a7-4ad6-8f78-0a9c7eddfbdb\code\frontend\.next\server\webpack-runtime.js:33:42)
    at eval (./app/page.tsx:13:71)
    at (rsc)/./app/page.tsx (D:\Palak\Idea-to-deploy\apps\api\data\artifacts\4637fc0f-c4a7-4ad6-8f78-0a9c7eddfbdb\code\frontend\.next\server\app\page.js:162:1)
    at __webpack_require__ (D:\Palak\Idea-to-deploy\apps\api\data\artifacts\4637fc0f-c4a7-4ad6-8f78-0a9c7eddfbdb\code\frontend\.next\server\webpack-runtime.js:33:42)
    at async Promise.all (index 0)
digest: "878870109"
null
 ⨯ node_modules\framer-motion\dist\es\context\MotionConfigContext.mjs (6:42) @ eval
 ⨯ TypeError: (0 , react__WEBPACK_IMPORTED_MODULE_0__.createContext) is not a function
    at __webpack_require__ (D:\Palak\Idea-to-deploy\apps\api\data\artifacts\4637fc0f-c4a7-4ad6-8f78-0a9c7eddfbdb\code\frontend\.next\server\webpack-runtime.js:33:42)
    at __webpack_require__ (D:\Palak\Idea-to-deploy\apps\api\data\artifacts\4637fc0f-c4a7-4ad6-8f78-0a9c7eddfbdb\code\frontend\.next\server\webpack-runtime.js:33:42)
    at __webpack_require__ (D:\Palak\Idea-to-deploy\apps\api\data\artifacts\4637fc0f-c4a7-4ad6-8f78-0a9c7eddfbdb\code\frontend\.next\server\webpack-runtime.js:33:42)
    at eval (./app/page.tsx:13:71)
    at (rsc)/./app/page.tsx (D:\Palak\Idea-to-deploy\apps\api\data\artifacts\4637fc0f-c4a7-4ad6-8f78-0a9c7eddfbdb\code\frontend\.next\server\app\page.js:162:1)
    at __webpack_require__ (D:\Palak\Idea-to-deploy\apps\api\data\artifacts\4637fc0f-c4a7-4ad6-8f78-0a9c7eddfbdb\code\frontend\.next\server\webpack-runtime.js:33:42)
    at async Promise.all (index 0)
digest: "1544141074"
null
 ⨯ node_modules\framer-motion\dist\es\context\MotionConfigContext.mjs (6:42) @ eval
 ⨯ TypeError: (0 , react__WEBPACK_IMPORTED_MODULE_0__.createContext) is not a function
    at __webpack_require__ (D:\Palak\Idea-to-deploy\apps\api\data\artifacts\4637fc0f-c4a7-4ad6-8f78-0a9c7eddfbdb\code\frontend\.next\server\webpack-runtime.js:33:42)
    at __webpack_require__ (D:\Palak\Idea-to-deploy\apps\api\data\artifacts\4637fc0f-c4a7-4ad6-8f78-0a9c7eddfbdb\code\frontend\.next\server\webpack-runtime.js:33:42)
    at __webpack_require__ (D:\Palak\Idea-to-deploy\apps\api\data\artifacts\4637fc0f-c4a7-4ad6-8f78-0a9c7eddfbdb\code\frontend\.next\server\webpack-runtime.js:33:42)
    at eval (./app/page.tsx:13:71)
    at (rsc)/./app/page.tsx (D:\Palak\Idea-to-deploy\apps\api\data\artifacts\4637fc0f-c4a7-4ad6-8f78-0a9c7eddfbdb\code\frontend\.next\server\app\page.js:162:1)
    at __webpack_require__ (D:\Palak\Idea-to-deploy\apps\api\data\artifacts\4637fc0f-c4a7-4ad6-8f78-0a9c7eddfbdb\code\frontend\.next\server\webpack-runtime.js:33:42)
null
 ⨯ node_modules\framer-motion\dist\es\context\MotionConfigContext.mjs (6:42) @ eval
 ⨯ TypeError: (0 , react__WEBPACK_IMPORTED_MODULE_0__.createContext) is not a function
    at __webpack_require__ (D:\Palak\Idea-to-deploy\apps\api\data\artifacts\4637fc0f-c4a7-4ad6-8f78-0a9c7eddfbdb\code\frontend\.next\server\webpack-runtime.js:33:42)
    at __webpack_require__ (D:\Palak\Idea-to-deploy\apps\api\data\artifacts\4637fc0f-c4a7-4ad6-8f78-0a9c7eddfbdb\code\frontend\.next\server\webpack-runtime.js:33:42)
    at __webpack_require__ (D:\Palak\Idea-to-deploy\apps\api\data\artifacts\4637fc0f-c4a7-4ad6-8f78-0a9c7eddfbdb\code\frontend\.next\server\webpack-runtime.js:33:42)
    at eval (./app/page.tsx:13:71)
    at (rsc)/./app/page.tsx (D:\Palak\Idea-to-deploy\apps\api\data\artifacts\4637fc0f-c4a7-4ad6-8f78-0a9c7eddfbdb\code\frontend\.next\server\app\page.js:162:1)
    at __webpack_require__ (D:\Palak\Idea-to-deploy\apps\api\data\artifacts\4637fc0f-c4a7-4ad6-8f78-0a9c7eddfbdb\code\frontend\.next\server\webpack-runtime.js:33:42)
null
 ⨯ node_modules\framer-motion\dist\es\context\MotionConfigContext.mjs (6:42) @ eval
 ⨯ TypeError: (0 , react__WEBPACK_IMPORTED_MODULE_0__.createContext) is not a function
    at __webpack_require__ (D:\Palak\Idea-to-deploy\apps\api\data\artifacts\4637fc0f-c4a7-4ad6-8f78-0a9c7eddfbdb\code\frontend\.next\server\webpack-runtime.js:33:42)
    at __webpack_require__ (D:\Palak\Idea-to-deploy\apps\api\data\artifacts\4637fc0f-c4a7-4ad6-8f78-0a9c7eddfbdb\code\frontend\.next\server\webpack-runtime.js:33:42)
    at __webpack_require__ (D:\Palak\Idea-to-deploy\apps\api\data\artifacts\4637fc0f-c4a7-4ad6-8f78-0a9c7eddfbdb\code\frontend\.next\server\webpack-runtime.js:33:42)
    at eval (./app/page.tsx:13:71)
    at (rsc)/./app/page.tsx (D:\Palak\Idea-to-deploy\apps\api\data\artifacts\4637fc0f-c4a7-4ad6-8f78-0a9c7eddfbdb\code\frontend\.next\server\app\page.js:162:1)
    at __webpack_require__ (D:\Palak\Idea-to-deploy\apps\api\data\artifacts\4637fc0f-c4a7-4ad6-8f78-0a9c7eddfbdb\code\frontend\.next\server\webpack-runtime.js:33:42)
null
TypeError: (0 , react__WEBPACK_IMPORTED_MODULE_0__.createContext) is not a function
    at eval (webpack-internal:///(rsc)/./node_modules/framer-motion/dist/es/context/MotionConfigContext.mjs:9:99)
    at (rsc)/./node_modules/framer-motion/dist/es/context/MotionConfigContext.mjs (D:\Palak\Idea-to-deploy\apps\api\data\artifacts\4637fc0f-c4a7-4ad6-8f78-0a9c7eddfbdb\code\frontend\.next\server\vendor-chunks\framer-motion.js:310:1)
    at __webpack_require__ (D:\Palak\Idea-to-deploy\apps\api\data\artifacts\4637fc0f-c4a7-4ad6-8f78-0a9c7eddfbdb\code\frontend\.next\server\webpack-runtime.js:33:42)
    at eval (webpack-internal:///(rsc)/./node_modules/framer-motion/dist/es/motion/index.mjs:6:90)
    at (rsc)/./node_modules/framer-motion/dist/es/motion/index.mjs (D:\Palak\Idea-to-deploy\apps\api\data\artifacts\4637fc0f-c4a7-4ad6-8f78-0a9c7eddfbdb\code\frontend\.next\server\vendor-chunks\framer-motion.js:770:1)
    at __webpack_require__ (D:\Palak\Idea-to-deploy\apps\api\data\artifacts\4637fc0f-c4a7-4ad6-8f78-0a9c7eddfbdb\code\frontend\.next\server\webpack-runtime.js:33:42)
    at eval (webpack-internal:///(rsc)/./node_modules/framer-motion/dist/es/render/dom/motion.mjs:6:75)
    at (rsc)/./node_modules/framer-motion/dist/es/render/dom/motion.mjs (D:\Palak\Idea-to-deploy\apps\api\data\artifacts\4637fc0f-c4a7-4ad6-8f78-0a9c7eddfbdb\code\frontend\.next\server\vendor-chunks\framer-motion.js:1080:1)
    at __webpack_require__ (D:\Palak\Idea-to-deploy\apps\api\data\artifacts\4637fc0f-c4a7-4ad6-8f78-0a9c7eddfbdb\code\frontend\.next\server\webpack-runtime.js:33:42)
    at eval (webpack-internal:///(rsc)/./app/page.tsx:13:71)
    at (rsc)/./app/page.tsx (D:\Palak\Idea-to-deploy\apps\api\data\artifacts\4637fc0f-c4a7-4ad6-8f78-0a9c7eddfbdb\code\frontend\.next\server\app\page.js:162:1)
    at __webpack_require__ (D:\Palak\Idea-to-deploy\apps\api\data\artifacts\4637fc0f-c4a7-4ad6-8f78-0a9c7eddfbdb\code\frontend\.next\server\webpack-runtime.js:33:42)
    at runNextTicks (node:internal/process/task_queues:64:5)
    at listOnTimeout (node:internal/timers:567:9)
    at process.processTimers (node:internal/timers:541:7)
    at async eq (D:\Palak\Idea-to-deploy\apps\api\data\artifacts\4637fc0f-c4a7-4ad6-8f78-0a9c7eddfbdb\code\frontend\node_modules\next\dist\compiled\next-server\app-page.runtime.dev.js:35:402260)
    at async tr (D:\Palak\Idea-to-deploy\apps\api\data\artifacts\4637fc0f-c4a7-4ad6-8f78-0a9c7eddfbdb\code\frontend\node_modules\next\dist\compiled\next-server\app-page.runtime.dev.js:35:405987)
    at async tn (D:\Palak\Idea-to-deploy\apps\api\data\artifacts\4637fc0f-c4a7-4ad6-8f78-0a9c7eddfbdb\code\frontend\node_modules\next\dist\compiled\next-server\app-page.runtime.dev.js:35:406537)
    at async tn (D:\Palak\Idea-to-deploy\apps\api\data\artifacts\4637fc0f-c4a7-4ad6-8f78-0a9c7eddfbdb\code\frontend\node_modules\next\dist\compiled\next-server\app-page.runtime.dev.js:35:406668)
    at async tu (D:\Palak\Idea-to-deploy\apps\api\data\artifacts\4637fc0f-c4a7-4ad6-8f78-0a9c7eddfbdb\code\frontend\node_modules\next\dist\compiled\next-server\app-page.runtime.dev.js:36:2057)
    at async D:\Palak\Idea-to-deploy\apps\api\data\artifacts\4637fc0f-c4a7-4ad6-8f78-0a9c7eddfbdb\code\frontend\node_modules\next\dist\compiled\next-server\app-page.runtime.dev.js:36:2564 {
  digest: '1737602124'
}
 ⨯ node_modules\framer-motion\dist\es\context\MotionConfigContext.mjs (6:42) @ eval
 ⨯ TypeError: (0 , react__WEBPACK_IMPORTED_MODULE_0__.createContext) is not a function
    at eval (webpack-internal:///(rsc)/./node_modules/framer-motion/dist/es/context/MotionConfigContext.mjs:9:99)
    at (rsc)/./node_modules/framer-motion/dist/es/context/MotionConfigContext.mjs (D:\Palak\Idea-to-deploy\apps\api\data\artifacts\4637fc0f-c4a7-4ad6-8f78-0a9c7eddfbdb\code\frontend\.next\server\vendor-chunks\framer-motion.js:310:1)
    at __webpack_require__ (D:\Palak\Idea-to-deploy\apps\api\data\artifacts\4637fc0f-c4a7-4ad6-8f78-0a9c7eddfbdb\code\frontend\.next\server\webpack-runtime.js:33:42)
    at eval (webpack-internal:///(rsc)/./node_modules/framer-motion/dist/es/motion/index.mjs:6:90)
    at (rsc)/./node_modules/framer-motion/dist/es/motion/index.mjs (D:\Palak\Idea-to-deploy\apps\api\data\artifacts\4637fc0f-c4a7-4ad6-8f78-0a9c7eddfbdb\code\frontend\.next\server\vendor-chunks\framer-motion.js:770:1)
    at __webpack_require__ (D:\Palak\Idea-to-deploy\apps\api\data\artifacts\4637fc0f-c4a7-4ad6-8f78-0a9c7eddfbdb\code\frontend\.next\server\webpack-runtime.js:33:42)
    at eval (webpack-internal:///(rsc)/./node_modules/framer-motion/dist/es/render/dom/motion.mjs:6:75)
    at (rsc)/./node_modules/framer-motion/dist/es/render/dom/motion.mjs (D:\Palak\Idea-to-deploy\apps\api\data\artifacts\4637fc0f-c4a7-4ad6-8f78-0a9c7eddfbdb\code\frontend\.next\server\vendor-chunks\framer-motion.js:1080:1)
    at __webpack_require__ (D:\Palak\Idea-to-deploy\apps\api\data\artifacts\4637fc0f-c4a7-4ad6-8f78-0a9c7eddfbdb\code\frontend\.next\server\webpack-runtime.js:33:42)
    at eval (webpack-internal:///(rsc)/./app/page.tsx:13:71)
    at (rsc)/./app/page.tsx (D:\Palak\Idea-to-deploy\apps\api\data\artifacts\4637fc0f-c4a7-4ad6-8f78-0a9c7eddfbdb\code\frontend\.next\server\app\page.js:162:1)
    at __webpack_require__ (D:\Palak\Idea-to-deploy\apps\api\data\artifacts\4637fc0f-c4a7-4ad6-8f78-0a9c7eddfbdb\code\frontend\.next\server\webpack-runtime.js:33:42)
    at runNextTicks (node:internal/process/task_queues:64:5)
    at listOnTimeout (node:internal/timers:567:9)
    at process.processTimers (node:internal/timers:541:7)
    at async eq (D:\Palak\Idea-to-deploy\apps\api\data\artifacts\4637fc0f-c4a7-4ad6-8f78-0a9c7eddfbdb\code\frontend\node_modules\next\dist\compiled\next-server\app-page.runtime.dev.js:35:402260)
    at async tr (D:\Palak\Idea-to-deploy\apps\api\data\artifacts\4637fc0f-c4a7-4ad6-8f78-0a9c7eddfbdb\code\frontend\node_modules\next\dist\compiled\next-server\app-page.runtime.dev.js:35:405987)
    at async tn (D:\Palak\Idea-to-deploy\apps\api\data\artifacts\4637fc0f-c4a7-4ad6-8f78-0a9c7eddfbdb\code\frontend\node_modules\next\dist\compiled\next-server\app-page.runtime.dev.js:35:406537)
    at async tn (D:\Palak\Idea-to-deploy\apps\api\data\artifacts\4637fc0f-c4a7-4ad6-8f78-0a9c7eddfbdb\code\frontend\node_modules\next\dist\compiled\next-server\app-page.runtime.dev.js:35:406668)
    at async tu (D:\Palak\Idea-to-deploy\apps\api\data\artifacts\4637fc0f-c4a7-4ad6-8f78-0a9c7eddfbdb\code\frontend\node_modules\next\dist\compiled\next-server\app-page.runtime.dev.js:36:2057)
    at async D:\Palak\Idea-to-deploy\apps\api\data\artifacts\4637fc0f-c4a7-4ad6-8f78-0a9c7eddfbdb\code\frontend\node_modules\next\dist\compiled\next-server\app-page.runtime.dev.js:36:2564 {
  digest: '1737602124',
  page: '/'
}
null
TypeError: (0 , react__WEBPACK_IMPORTED_MODULE_0__.createContext) is not a function
    at eval (webpack-internal:///(rsc)/./node_modules/framer-motion/dist/es/context/MotionConfigContext.mjs:9:99)
    at (rsc)/./node_modules/framer-motion/dist/es/context/MotionConfigContext.mjs (D:\Palak\Idea-to-deploy\apps\api\data\artifacts\4637fc0f-c4a7-4ad6-8f78-0a9c7eddfbdb\code\frontend\.next\server\vendor-chunks\framer-motion.js:310:1)
    at __webpack_require__ (D:\Palak\Idea-to-deploy\apps\api\data\artifacts\4637fc0f-c4a7-4ad6-8f78-0a9c7eddfbdb\code\frontend\.next\server\webpack-runtime.js:33:42)
    at eval (webpack-internal:///(rsc)/./node_modules/framer-motion/dist/es/motion/index.mjs:6:90)
    at (rsc)/./node_modules/framer-motion/dist/es/motion/index.mjs (D:\Palak\Idea-to-deploy\apps\api\data\artifacts\4637fc0f-c4a7-4ad6-8f78-0a9c7eddfbdb\code\frontend\.next\server\vendor-chunks\framer-motion.js:770:1)
    at __webpack_require__ (D:\Palak\Idea-to-deploy\apps\api\data\artifacts\4637fc0f-c4a7-4ad6-8f78-0a9c7eddfbdb\code\frontend\.next\server\webpack-runtime.js:33:42)
    at eval (webpack-internal:///(rsc)/./node_modules/framer-motion/dist/es/render/dom/motion.mjs:6:75)
    at (rsc)/./node_modules/framer-motion/dist/es/render/dom/motion.mjs (D:\Palak\Idea-to-deploy\apps\api\data\artifacts\4637fc0f-c4a7-4ad6-8f78-0a9c7eddfbdb\code\frontend\.next\server\vendor-chunks\framer-motion.js:1080:1)
    at __webpack_require__ (D:\Palak\Idea-to-deploy\apps\api\data\artifacts\4637fc0f-c4a7-4ad6-8f78-0a9c7eddfbdb\code\frontend\.next\server\webpack-runtime.js:33:42)
    at eval (webpack-internal:///(rsc)/./app/page.tsx:13:71)
    at (rsc)/./app/page.tsx (D:\Palak\Idea-to-deploy\apps\api\data\artifacts\4637fc0f-c4a7-4ad6-8f78-0a9c7eddfbdb\code\frontend\.next\server\app\page.js:162:1)
    at __webpack_require__ (D:\Palak\Idea-to-deploy\apps\api\data\artifacts\4637fc0f-c4a7-4ad6-8f78-0a9c7eddfbdb\code\frontend\.next\server\webpack-runtime.js:33:42)
    at runNextTicks (node:internal/process/task_queues:64:5)
    at listOnTimeout (node:internal/timers:567:9)
    at process.processTimers (node:internal/timers:541:7)
    at async eq (D:\Palak\Idea-to-deploy\apps\api\data\artifacts\4637fc0f-c4a7-4ad6-8f78-0a9c7eddfbdb\code\frontend\node_modules\next\dist\compiled\next-server\app-page.runtime.dev.js:35:402260)
    at async tr (D:\Palak\Idea-to-deploy\apps\api\data\artifacts\4637fc0f-c4a7-4ad6-8f78-0a9c7eddfbdb\code\frontend\node_modules\next\dist\compiled\next-server\app-page.runtime.dev.js:35:405987)
    at async tn (D:\Palak\Idea-to-deploy\apps\api\data\artifacts\4637fc0f-c4a7-4ad6-8f78-0a9c7eddfbdb\code\frontend\node_modules\next\dist\compiled\next-server\app-page.runtime.dev.js:35:406537)
    at async tn (D:\Palak\Idea-to-deploy\apps\api\data\artifacts\4637fc0f-c4a7-4ad6-8f78-0a9c7eddfbdb\code\frontend\node_modules\next\dist\compiled\next-server\app-page.runtime.dev.js:35:406668)
    at async tu (D:\Palak\Idea-to-deploy\apps\api\data\artifacts\4637fc0f-c4a7-4ad6-8f78-0a9c7eddfbdb\code\frontend\node_modules\next\dist\compiled\next-server\app-page.runtime.dev.js:36:2057)
    at async D:\Palak\Idea-to-deploy\apps\api\data\artifacts\4637fc0f-c4a7-4ad6-8f78-0a9c7eddfbdb\code\frontend\node_modules\next\dist\compiled\next-server\app-page.runtime.dev.js:36:2564 {
  digest: '1737602124'
}
 ⨯ node_modules\framer-motion\dist\es\context\MotionConfigContext.mjs (6:42) @ eval
 ⨯ TypeError: (0 , react__WEBPACK_IMPORTED_MODULE_0__.createContext) is not a function
    at eval (webpack-internal:///(rsc)/./node_modules/framer-motion/dist/es/context/MotionConfigContext.mjs:9:99)
    at (rsc)/./node_modules/framer-motion/dist/es/context/MotionConfigContext.mjs (D:\Palak\Idea-to-deploy\apps\api\data\artifacts\4637fc0f-c4a7-4ad6-8f78-0a9c7eddfbdb\code\frontend\.next\server\vendor-chunks\framer-motion.js:310:1)
    at __webpack_require__ (D:\Palak\Idea-to-deploy\apps\api\data\artifacts\4637fc0f-c4a7-4ad6-8f78-0a9c7eddfbdb\code\frontend\.next\server\webpack-runtime.js:33:42)
    at eval (webpack-internal:///(rsc)/./node_modules/framer-motion/dist/es/motion/index.mjs:6:90)
    at (rsc)/./node_modules/framer-motion/dist/es/motion/index.mjs (D:\Palak\Idea-to-deploy\apps\api\data\artifacts\4637fc0f-c4a7-4ad6-8f78-0a9c7eddfbdb\code\frontend\.next\server\vendor-chunks\framer-motion.js:770:1)
    at __webpack_require__ (D:\Palak\Idea-to-deploy\apps\api\data\artifacts\4637fc0f-c4a7-4ad6-8f78-0a9c7eddfbdb\code\frontend\.next\server\webpack-runtime.js:33:42)
    at eval (webpack-internal:///(rsc)/./node_modules/framer-motion/dist/es/render/dom/motion.mjs:6:75)
    at (rsc)/./node_modules/framer-motion/dist/es/render/dom/motion.mjs (D:\Palak\Idea-to-deploy\apps\api\data\artifacts\4637fc0f-c4a7-4ad6-8f78-0a9c7eddfbdb\code\frontend\.next\server\vendor-chunks\framer-motion.js:1080:1)
    at __webpack_require__ (D:\Palak\Idea-to-deploy\apps\api\data\artifacts\4637fc0f-c4a7-4ad6-8f78-0a9c7eddfbdb\code\frontend\.next\server\webpack-runtime.js:33:42)
    at eval (webpack-internal:///(rsc)/./app/page.tsx:13:71)
    at (rsc)/./app/page.tsx (D:\Palak\Idea-to-deploy\apps\api\data\artifacts\4637fc0f-c4a7-4ad6-8f78-0a9c7eddfbdb\code\frontend\.next\server\app\page.js:162:1)
    at __webpack_require__ (D:\Palak\Idea-to-deploy\apps\api\data\artifacts\4637fc0f-c4a7-4ad6-8f78-0a9c7eddfbdb\code\frontend\.next\server\webpack-runtime.js:33:42)
    at runNextTicks (node:internal/process/task_queues:64:5)
    at listOnTimeout (node:internal/timers:567:9)
    at process.processTimers (node:internal/timers:541:7)
    at async eq (D:\Palak\Idea-to-deploy\apps\api\data\artifacts\4637fc0f-c4a7-4ad6-8f78-0a9c7eddfbdb\code\frontend\node_modules\next\dist\compiled\next-server\app-page.runtime.dev.js:35:402260)
    at async tr (D:\Palak\Idea-to-deploy\apps\api\data\artifacts\4637fc0f-c4a7-4ad6-8f78-0a9c7eddfbdb\code\frontend\node_modules\next\dist\compiled\next-server\app-page.runtime.dev.js:35:405987)
    at async tn (D:\Palak\Idea-to-deploy\apps\api\data\artifacts\4637fc0f-c4a7-4ad6-8f78-0a9c7eddfbdb\code\frontend\node_modules\next\dist\compiled\next-server\app-page.runtime.dev.js:35:406537)
    at async tn (D:\Palak\Idea-to-deploy\apps\api\data\artifacts\4637fc0f-c4a7-4ad6-8f78-0a9c7eddfbdb\code\frontend\node_modules\next\dist\compiled\next-server\app-page.runtime.dev.js:35:406668)
    at async tu (D:\Palak\Idea-to-deploy\apps\api\data\artifacts\4637fc0f-c4a7-4ad6-8f78-0a9c7eddfbdb\code\frontend\node_modules\next\dist\compiled\next-server\app-page.runtime.dev.js:36:2057)
    at async D:\Palak\Idea-to-deploy\apps\api\data\artifacts\4637fc0f-c4a7-4ad6-8f78-0a9c7eddfbdb\code\frontend\node_modules\next\dist\compiled\next-server\app-page.runtime.dev.js:36:2564 {
  digest: '1737602124',
  page: '/'
}
null
TypeError: (0 , react__WEBPACK_IMPORTED_MODULE_0__.createContext) is not a function
    at eval (webpack-internal:///(rsc)/./node_modules/framer-motion/dist/es/context/MotionConfigContext.mjs:9:99)
    at (rsc)/./node_modules/framer-motion/dist/es/context/MotionConfigContext.mjs (D:\Palak\Idea-to-deploy\apps\api\data\artifacts\4637fc0f-c4a7-4ad6-8f78-0a9c7eddfbdb\code\frontend\.next\server\vendor-chunks\framer-motion.js:310:1)
    at __webpack_require__ (D:\Palak\Idea-to-deploy\apps\api\data\artifacts\4637fc0f-c4a7-4ad6-8f78-0a9c7eddfbdb\code\frontend\.next\server\webpack-runtime.js:33:42)
    at eval (webpack-internal:///(rsc)/./node_modules/framer-motion/dist/es/motion/index.mjs:6:90)
    at (rsc)/./node_modules/framer-motion/dist/es/motion/index.mjs (D:\Palak\Idea-to-deploy\apps\api\data\artifacts\4637fc0f-c4a7-4ad6-8f78-0a9c7eddfbdb\code\frontend\.next\server\vendor-chunks\framer-motion.js:770:1)
    at __webpack_require__ (D:\Palak\Idea-to-deploy\apps\api\data\artifacts\4637fc0f-c4a7-4ad6-8f78-0a9c7eddfbdb\code\frontend\.next\server\webpack-runtime.js:33:42)
    at eval (webpack-internal:///(rsc)/./node_modules/framer-motion/dist/es/render/dom/motion.mjs:6:75)
    at (rsc)/./node_modules/framer-motion/dist/es/render/dom/motion.mjs (D:\Palak\Idea-to-deploy\apps\api\data\artifacts\4637fc0f-c4a7-4ad6-8f78-0a9c7eddfbdb\code\frontend\.next\server\vendor-chunks\framer-motion.js:1080:1)
    at __webpack_require__ (D:\Palak\Idea-to-deploy\apps\api\data\artifacts\4637fc0f-c4a7-4ad6-8f78-0a9c7eddfbdb\code\frontend\.next\server\webpack-runtime.js:33:42)
    at eval (webpack-internal:///(rsc)/./app/page.tsx:13:71)
    at (rsc)/./app/page.tsx (D:\Palak\Idea-to-deploy\apps\api\data\artifacts\4637fc0f-c4a7-4ad6-8f78-0a9c7eddfbdb\code\frontend\.next\server\app\page.js:162:1)
    at __webpack_require__ (D:\Palak\Idea-to-deploy\apps\api\data\artifacts\4637fc0f-c4a7-4ad6-8f78-0a9c7eddfbdb\code\frontend\.next\server\webpack-runtime.js:33:42)
    at runNextTicks (node:internal/process/task_queues:64:5)
    at listOnTimeout (node:internal/timers:567:9)
    at process.processTimers (node:internal/timers:541:7)
    at async eq (D:\Palak\Idea-to-deploy\apps\api\data\artifacts\4637fc0f-c4a7-4ad6-8f78-0a9c7eddfbdb\code\frontend\node_modules\next\dist\compiled\next-server\app-page.runtime.dev.js:35:402260)
    at async tr (D:\Palak\Idea-to-deploy\apps\api\data\artifacts\4637fc0f-c4a7-4ad6-8f78-0a9c7eddfbdb\code\frontend\node_modules\next\dist\compiled\next-server\app-page.runtime.dev.js:35:405987)
    at async tn (D:\Palak\Idea-to-deploy\apps\api\data\artifacts\4637fc0f-c4a7-4ad6-8f78-0a9c7eddfbdb\code\frontend\node_modules\next\dist\compiled\next-server\app-page.runtime.dev.js:35:406537)
    at async tn (D:\Palak\Idea-to-deploy\apps\api\data\artifacts\4637fc0f-c4a7-4ad6-8f78-0a9c7eddfbdb\code\frontend\node_modules\next\dist\compiled\next-server\app-page.runtime.dev.js:35:406668)
    at async tu (D:\Palak\Idea-to-deploy\apps\api\data\artifacts\4637fc0f-c4a7-4ad6-8f78-0a9c7eddfbdb\code\frontend\node_modules\next\dist\compiled\next-server\app-page.runtime.dev.js:36:2057)
    at async D:\Palak\Idea-to-deploy\apps\api\data\artifacts\4637fc0f-c4a7-4ad6-8f78-0a9c7eddfbdb\code\frontend\node_modules\next\dist\compiled\next-server\app-page.runtime.dev.js:36:2564 {
  digest: '1737602124'
}
 ⨯ node_modules\framer-motion\dist\es\context\MotionConfigContext.mjs (6:42) @ eval
 ⨯ TypeError: (0 , react__WEBPACK_IMPORTED_MODULE_0__.createContext) is not a function
    at eval (webpack-internal:///(rsc)/./node_modules/framer-motion/dist/es/context/MotionConfigContext.mjs:9:99)
    at (rsc)/./node_modules/framer-motion/dist/es/context/MotionConfigContext.mjs (D:\Palak\Idea-to-deploy\apps\api\data\artifacts\4637fc0f-c4a7-4ad6-8f78-0a9c7eddfbdb\code\frontend\.next\server\vendor-chunks\framer-motion.js:310:1)
    at __webpack_require__ (D:\Palak\Idea-to-deploy\apps\api\data\artifacts\4637fc0f-c4a7-4ad6-8f78-0a9c7eddfbdb\code\frontend\.next\server\webpack-runtime.js:33:42)
    at eval (webpack-internal:///(rsc)/./node_modules/framer-motion/dist/es/motion/index.mjs:6:90)
    at (rsc)/./node_modules/framer-motion/dist/es/motion/index.mjs (D:\Palak\Idea-to-deploy\apps\api\data\artifacts\4637fc0f-c4a7-4ad6-8f78-0a9c7eddfbdb\code\frontend\.next\server\vendor-chunks\framer-motion.js:770:1)
    at __webpack_require__ (D:\Palak\Idea-to-deploy\apps\api\data\artifacts\4637fc0f-c4a7-4ad6-8f78-0a9c7eddfbdb\code\frontend\.next\server\webpack-runtime.js:33:42)
    at eval (webpack-internal:///(rsc)/./node_modules/framer-motion/dist/es/render/dom/motion.mjs:6:75)
    at (rsc)/./node_modules/framer-motion/dist/es/render/dom/motion.mjs (D:\Palak\Idea-to-deploy\apps\api\data\artifacts\4637fc0f-c4a7-4ad6-8f78-0a9c7eddfbdb\code\frontend\.next\server\vendor-chunks\framer-motion.js:1080:1)
    at __webpack_require__ (D:\Palak\Idea-to-deploy\apps\api\data\artifacts\4637fc0f-c4a7-4ad6-8f78-0a9c7eddfbdb\code\frontend\.next\server\webpack-runtime.js:33:42)
    at eval (webpack-internal:///(rsc)/./app/page.tsx:13:71)
    at (rsc)/./app/page.tsx (D:\Palak\Idea-to-deploy\apps\api\data\artifacts\4637fc0f-c4a7-4ad6-8f78-0a9c7eddfbdb\code\frontend\.next\server\app\page.js:162:1)
    at __webpack_require__ (D:\Palak\Idea-to-deploy\apps\api\data\artifacts\4637fc0f-c4a7-4ad6-8f78-0a9c7eddfbdb\code\frontend\.next\server\webpack-runtime.js:33:42)
    at runNextTicks (node:internal/process/task_queues:64:5)
    at listOnTimeout (node:internal/timers:567:9)
    at process.processTimers (node:internal/timers:541:7)
    at async eq (D:\Palak\Idea-to-deploy\apps\api\data\artifacts\4637fc0f-c4a7-4ad6-8f78-0a9c7eddfbdb\code\frontend\node_modules\next\dist\compiled\next-server\app-page.runtime.dev.js:35:402260)
    at async tr (D:\Palak\Idea-to-deploy\apps\api\data\artifacts\4637fc0f-c4a7-4ad6-8f78-0a9c7eddfbdb\code\frontend\node_modules\next\dist\compiled\next-server\app-page.runtime.dev.js:35:405987)
    at async tn (D:\Palak\Idea-to-deploy\apps\api\data\artifacts\4637fc0f-c4a7-4ad6-8f78-0a9c7eddfbdb\code\frontend\node_modules\next\dist\compiled\next-server\app-page.runtime.dev.js:35:406537)
    at async tn (D:\Palak\Idea-to-deploy\apps\api\data\artifacts\4637fc0f-c4a7-4ad6-8f78-0a9c7eddfbdb\code\frontend\node_modules\next\dist\compiled\next-server\app-page.runtime.dev.js:35:406668)
    at async tu (D:\Palak\Idea-to-deploy\apps\api\data\artifacts\4637fc0f-c4a7-4ad6-8f78-0a9c7eddfbdb\code\frontend\node_modules\next\dist\compiled\next-server\app-page.runtime.dev.js:36:2057)
    at async D:\Palak\Idea-to-deploy\apps\api\data\artifacts\4637fc0f-c4a7-4ad6-8f78-0a9c7eddfbdb\code\frontend\node_modules\next\dist\compiled\next-server\app-page.runtime.dev.js:36:2564 {
  digest: '1737602124',
  page: '/'
}
null
 ✓ Compiled in 155ms (324 modules)
 ⚠ Fast Refresh had to perform a full reload due to a runtime error.
Error: ENOENT: no such file or directory, scandir 'D:\Palak\Idea-to-deploy\apps\api\data\artifacts\463Error: ENOENT: no such file or directory, scandir 'D:\Palak\Idea-to-deploy\apps\api\data\artifacts\4637fc0f-c4a7-4ad6-8f78-0a9c7eddfbdb\code\frontend\app'
    at async Object.readdir (node:internal/fs/promises:958:18)
    at async D:\Palak\Idea-to-deploy\apps\api\data\artifacts\4637fc0f-c4a7-4ad6-8f78-0a9c7eddfbdb\code\frontend\node_modules\next\dist\lib\recursive-readdir.js:39:29
    at async Promise.all (index 0)
    at async recursiveReadDir (D:\Palak\Idea-to-deploy\apps\api\data\artifacts\4637fc0f-c4a7-4ad6-8f78-0a9c7eddfbdb\code\frontend\node_modules\next\dist\lib\recursive-readdir.js:32:25)
    at async D:\Palak\Idea-to-deploy\apps\api\data\artifacts\4637fc0f-c4a7-4ad6-8f78-0a9c7eddfbdb\code\frontend\node_modules\next\dist\server\future\route-matcher-providers\dev\helpers\file-reader\batched-file-reader.js:71:25
    at async Promise.all (index 0)
    at async BatchedFileReader.load (D:\Palak\Idea-to-deploy\apps\api\data\artifacts\4637fc0f-c4a7-4ad6-8f78-0a9c7eddfbdb\code\frontend\node_modules\next\dist\server\future\route-matcher-providers\dev\helpers\file-reader\batched-file-reader.js:67:25)
    at async D:\Palak\Idea-to-deploy\apps\api\data\artifacts\4637fc0f-c4a7-4ad6-8f78-0a9c7eddfbdb\code\frontend\node_modules\next\dist\server\future\route-matcher-providers\dev\helpers\file-reader\batched-file-reader.js:41:26 {
  errno: -4058,
  code: 'ENOENT',
  syscall: 'scandir',
  path: 'D:\\Palak\\Idea-to-deploy\\apps\\api\\data\\artifacts\\4637fc0f-c4a7-4ad6-8f78-0a9c7eddfbdb\\code\\frontend\\app'
}
Error: ENOENT: no such file or directory, scandir 'D:\Palak\Idea-to-deploy\apps\api\data\artifacts\4637fc0f-c4a7-4ad6-8f78-0a9c7eddfbdb\code\frontend\app'
    at async Object.readdir (node:internal/fs/promises:958:18)
    at async D:\Palak\Idea-to-deploy\apps\api\data\artifacts\4637fc0f-c4a7-4ad6-8f78-0a9c7eddfbdb\code\frontend\node_modules\next\dist\lib\recursive-readdir.js:39:29
    at async Promise.all (index 0)
    at async recursiveReadDir (D:\Palak\Idea-to-deploy\apps\api\data\artifacts\4637fc0f-c4a7-4ad6-8f78-0a9c7eddfbdb\code\frontend\node_modules\next\dist\lib\recursive-readdir.js:32:25)
    at async D:\Palak\Idea-to-deploy\apps\api\data\artifacts\4637fc0f-c4a7-4ad6-8f78-0a9c7eddfbdb\code\frontend\node_modules\next\dist\server\future\route-matcher-providers\dev\helpers\file-reader\batched-file-reader.js:71:25
    at async Promise.all (index 0)
    at async BatchedFileReader.load (D:\Palak\Idea-to-deploy\apps\api\data\artifacts\4637fc0f-c4a7-4ad6-8f78-0a9c7eddfbdb\code\frontend\node_modules\next\dist\server\future\route-matcher-providers\dev\helpers\file-reader\batched-file-reader.js:67:25)
    at async D:\Palak\Idea-to-deploy\apps\api\data\artifacts\4637fc0f-c4a7-4ad6-8f78-0a9c7eddfbdb\code\frontend\node_modules\next\dist\server\future\route-matcher-providers\dev\helpers\file-reader\batched-file-reader.js:41:26 {
  errno: -4058,
  code: 'ENOENT',
  syscall: 'scandir',
  path: 'D:\\Palak\\Idea-to-deploy\\apps\\api\\data\\artifacts\\4637fc0f-c4a7-4ad6-8f78-0a9c7eddfbdb\\code\\frontend\\app'
}
 ⨯ unhandledRejection: Error: ENOENT: no such file or directory, scandir 'D:\Palak\Idea-to-deploy\apps\api\data\artifacts\4637fc0f-c4a7-4ad6-8f78-0a9c7eddfbdb\code\frontend\app'
    at async Object.readdir (node:internal/fs/promises:958:18)
    at async D:\Palak\Idea-to-deploy\apps\api\data\artifacts\4637fc0f-c4a7-4ad6-8f78-0a9c7eddfbdb\code\frontend\node_modules\next\dist\lib\recursive-readdir.js:39:29
    at async Promise.all (index 0)
    at async recursiveReadDir (D:\Palak\Idea-to-deploy\apps\api\data\artifacts\4637fc0f-c4a7-4ad6-8f78-0a9c7eddfbdb\code\frontend\node_modules\next\dist\lib\recursive-readdir.js:32:25)
    at async D:\Palak\Idea-to-deploy\apps\api\data\artifacts\4637fc0f-c4a7-4ad6-8f78-0a9c7eddfbdb\code\frontend\node_modules\next\dist\server\future\route-matcher-providers\dev\helpers\file-reader\batched-file-reader.js:71:25
    at async Promise.all (index 0)
    at async BatchedFileReader.load (D:\Palak\Idea-to-deploy\apps\api\data\artifacts\4637fc0f-c4a7-4ad6-8f78-0a9c7eddfbdb\code\frontend\node_modules\next\dist\server\future\route-matcher-providers\dev\helpers\file-reader\batched-file-reader.js:67:25)
    at async D:\Palak\Idea-to-deploy\apps\api\data\artifacts\4637fc0f-c4a7-4ad6-8f78-0a9c7eddfbdb\code\frontend\node_modules\next\dist\server\future\route-matcher-providers\dev\helpers\file-reader\batched-file-reader.js:41:26 {
  errno: -4058,
  code: 'ENOENT',
  syscall: 'scandir',
  path: 'D:\\Palak\\Idea-to-deploy\\apps\\api\\data\\artifacts\\4637fc0f-c4a7-4ad6-8f78-0a9c7eddfbdb\\code\\frontend\\app'
}
 ⨯ unhandledRejection: Error: ENOENT: no such file or directory, scandir 'D:\Palak\Idea-to-deploy\apps\api\data\artifacts\4637fc0f-c4a7-4ad6-8f78-0a9c7eddfbdb\code\frontend\app'
    at async Object.readdir (node:internal/fs/promises:958:18)
    at async D:\Palak\Idea-to-deploy\apps\api\data\artifacts\4637fc0f-c4a7-4ad6-8f78-0a9c7eddfbdb\code\frontend\node_modules\next\dist\lib\recursive-readdir.js:39:29
    at async Promise.all (index 0)
    at async recursiveReadDir (D:\Palak\Idea-to-deploy\apps\api\data\artifacts\4637fc0f-c4a7-4ad6-8f78-0a9c7eddfbdb\code\frontend\node_modules\next\dist\lib\recursive-readdir.js:32:25)
    at async D:\Palak\Idea-to-deploy\apps\api\data\artifacts\4637fc0f-c4a7-4ad6-8f78-0a9c7eddfbdb\code\frontend\node_modules\next\dist\server\future\route-matcher-providers\dev\helpers\file-reader\batched-file-reader.js:71:25
    at async Promise.all (index 0)
    at async BatchedFileReader.load (D:\Palak\Idea-to-deploy\apps\api\data\artifacts\4637fc0f-c4a7-4ad6-8f78-0a9c7eddfbdb\code\frontend\node_modules\next\dist\server\future\route-matcher-providers\dev\helpers\file-reader\batched-file-reader.js:67:25)
    at async D:\Palak\Idea-to-deploy\apps\api\data\artifacts\4637fc0f-c4a7-4ad6-8f78-0a9c7eddfbdb\code\frontend\node_modules\next\dist\server\future\route-matcher-providers\dev\helpers\file-reader\batched-file-reader.js:41:26 {
  errno: -4058,
  code: 'ENOENT',
  syscall: 'scandir',
  path: 'D:\\Palak\\Idea-to-deploy\\apps\\api\\data\\artifacts\\4637fc0f-c4a7-4ad6-8f78-0a9c7eddfbdb\\code\\frontend\\app'
}
7fc0f-c4a7-4ad6-8f78-0a9c7eddfbdb\code\frontend\app'
    at async Object.readdir (node:internal/fs/promises:958:18)
    at async D:\Palak\Idea-to-deploy\apps\api\data\artifacts\4637fc0f-c4a7-4ad6-8f78-0a9c7eddfbdb\code\frontend\node_modules\next\dist\lib\recursive-readdir.js:39:29
    at async Promise.all (index 0)
    at async recursiveReadDir (D:\Palak\Idea-to-deploy\apps\api\data\artifacts\4637fc0f-c4a7-4ad6-8f78-0a9c7eddfbdb\code\frontend\node_modules\next\dist\lib\recursive-readdir.js:32:25)
    at async D:\Palak\Idea-to-deploy\apps\api\data\artifacts\4637fc0f-c4a7-4ad6-8f78-0a9c7eddfbdb\code\frontend\node_modules\next\dist\server\future\route-matcher-providers\dev\helpers\file-reader\batched-file-reader.js:71:25
    at async Promise.all (index 0)
    at async BatchedFileReader.load (D:\Palak\Idea-to-deploy\apps\api\data\artifacts\4637fc0f-c4a7-4ad6-8f78-0a9c7eddfbdb\code\frontend\node_modules\next\dist\server\future\route-matcher-providers\dev\helpers\file-reader\batched-file-reader.js:67:25)
    at async D:\Palak\Idea-to-deploy\apps\api\data\artifacts\4637fc0f-c4a7-4ad6-8f78-0a9c7eddfbdb\code\frontend\node_modules\next\dist\server\future\route-matcher-providers\dev\helpers\file-reader\batched-file-reader.js:41:26 {
  errno: -4058,
  code: 'ENOENT',
  syscall: 'scandir',
  path: 'D:\\Palak\\Idea-to-deploy\\apps\\api\\data\\artifacts\\4637fc0f-c4a7-4ad6-8f78-0a9c7eddfbdb\\code\\frontend\\app'
}
Error: ENOENT: no such file or directory, scandir 'D:\Palak\Idea-to-deploy\apps\api\data\artifacts\4637fc0f-c4a7-4ad6-8f78-0a9c7eddfbdb\code\frontend\app'
    at async Object.readdir (node:internal/fs/promises:958:18)
    at async D:\Palak\Idea-to-deploy\apps\api\data\artifacts\4637fc0f-c4a7-4ad6-8f78-0a9c7eddfbdb\code\frontend\node_modules\next\dist\lib\recursive-readdir.js:39:29
    at async Promise.all (index 0)
    at async recursiveReadDir (D:\Palak\Idea-to-deploy\apps\api\data\artifacts\4637fc0f-c4a7-4ad6-8f78-0a9c7eddfbdb\code\frontend\node_modules\next\dist\lib\recursive-readdir.js:32:25)
    at async D:\Palak\Idea-to-deploy\apps\api\data\artifacts\4637fc0f-c4a7-4ad6-8f78-0a9c7eddfbdb\code\frontend\node_modules\next\dist\server\future\route-matcher-providers\dev\helpers\file-reader\batched-file-reader.js:71:25
    at async Promise.all (index 0)
    at async BatchedFileReader.load (D:\Palak\Idea-to-deploy\apps\api\data\artifacts\4637fc0f-c4a7-4ad6-8f78-0a9c7eddfbdb\code\frontend\node_modules\next\dist\server\future\route-matcher-providers\dev\helpers\file-reader\batched-file-reader.js:67:25)
    at async D:\Palak\Idea-to-deploy\apps\api\data\artifacts\4637fc0f-c4a7-4ad6-8f78-0a9c7eddfbdb\code\frontend\node_modules\next\dist\server\future\route-matcher-providers\dev\helpers\file-reader\batched-file-reader.js:41:26 {
  errno: -4058,
  code: 'ENOENT',
  syscall: 'scandir',
  path: 'D:\\Palak\\Idea-to-deploy\\apps\\api\\data\\artifacts\\4637fc0f-c4a7-4ad6-8f78-0a9c7eddfbdb\\code\\frontend\\app'
}
 ⨯ unhandledRejection: Error: ENOENT: no such file or directory, scandir 'D:\Palak\Idea-to-deploy\apps\api\data\artifacts\4637fc0f-c4a7-4ad6-8f78-0a9c7eddfbdb\code\frontend\app'
    at async Object.readdir (node:internal/fs/promises:958:18)
    at async D:\Palak\Idea-to-deploy\apps\api\data\artifacts\4637fc0f-c4a7-4ad6-8f78-0a9c7eddfbdb\code\frontend\node_modules\next\dist\lib\recursive-readdir.js:39:29
    at async Promise.all (index 0)
    at async recursiveReadDir (D:\Palak\Idea-to-deploy\apps\api\data\artifacts\4637fc0f-c4a7-4ad6-8f78-0a9c7eddfbdb\code\frontend\node_modules\next\dist\lib\recursive-readdir.js:32:25)
    at async D:\Palak\Idea-to-deploy\apps\api\data\artifacts\4637fc0f-c4a7-4ad6-8f78-0a9c7eddfbdb\code\frontend\node_modules\next\dist\server\future\route-matcher-providers\dev\helpers\file-reader\batched-file-reader.js:71:25
    at async Promise.all (index 0)
    at async BatchedFileReader.load (D:\Palak\Idea-to-deploy\apps\api\data\artifacts\4637fc0f-c4a7-4ad6-8f78-0a9c7eddfbdb\code\frontend\node_modules\next\dist\server\future\route-matcher-providers\dev\helpers\file-reader\batched-file-reader.js:67:25)
    at async D:\Palak\Idea-to-deploy\apps\api\data\artifacts\4637fc0f-c4a7-4ad6-8f78-0a9c7eddfbdb\code\frontend\node_modules\next\dist\server\future\route-matcher-providers\dev\helpers\file-reader\batched-file-reader.js:41:26 {
  errno: -4058,
  code: 'ENOENT',
  syscall: 'scandir',
  path: 'D:\\Palak\\Idea-to-deploy\\apps\\api\\data\\artifacts\\4637fc0f-c4a7-4ad6-8f78-0a9c7eddfbdb\\code\\frontend\\app'
}
 ⨯ unhandledRejection: Error: ENOENT: no such file or directory, scandir 'D:\Palak\Idea-to-deploy\apps\api\data\artifacts\4637fc0f-c4a7-4ad6-8f78-0a9c7eddfbdb\code\frontend\app'
    at async Object.readdir (node:internal/fs/promises:958:18)
    at async D:\Palak\Idea-to-deploy\apps\api\data\artifacts\4637fc0f-c4a7-4ad6-8f78-0a9c7eddfbdb\code\frontend\node_modules\next\dist\lib\recursive-readdir.js:39:29
    at async Promise.all (index 0)
    at async recursiveReadDir (D:\Palak\Idea-to-deploy\apps\api\data\artifacts\4637fc0f-c4a7-4ad6-8f78-0a9c7eddfbdb\code\frontend\node_modules\next\dist\lib\recursive-readdir.js:32:25)
    at async D:\Palak\Idea-to-deploy\apps\api\data\artifacts\4637fc0f-c4a7-4ad6-8f78-0a9c7eddfbdb\code\frontend\node_modules\next\dist\server\future\route-matcher-providers\dev\helpers\file-reader\batched-file-reader.js:71:25
    at async Promise.all (index 0)
    at async BatchedFileReader.load (D:\Palak\Idea-to-deploy\apps\api\data\artifacts\4637fc0f-c4a7-4ad6-8f78-0a9c7eddfbdb\code\frontend\node_modules\next\dist\server\future\route-matcher-providers\dev\helpers\file-reader\batched-file-reader.js:67:25)
    at async D:\Palak\Idea-to-deploy\apps\api\data\artifacts\4637fc0f-c4a7-4ad6-8f78-0a9c7eddfbdb\code\frontend\node_modules\next\dist\server\future\route-matcher-providers\dev\helpers\file-reader\batched-file-reader.js:41:26 {
  errno: -4058,
  code: 'ENOENT',
  syscall: 'scandir',
  path: 'D:\\Palak\\Idea-to-deploy\\apps\\api\\data\\artifacts\\4637fc0f-c4a7-4ad6-8f78-0a9c7eddfbdb\\code\\frontend\\app'
}
Error: ENOENT: no such file or directory, scandir 'D:\Palak\Idea-to-deploy\apps\api\data\artifacts\4637fc0f-c4a7-4ad6-8f78-0a9c7eddfbdb\code\frontend\app'
    at async Object.readdir (node:internal/fs/promises:958:18)
    at async D:\Palak\Idea-to-deploy\apps\api\data\artifacts\4637fc0f-c4a7-4ad6-8f78-0a9c7eddfbdb\code\frontend\node_modules\next\dist\lib\recursive-readdir.js:39:29
    at async Promise.all (index 0)
    at async recursiveReadDir (D:\Palak\Idea-to-deploy\apps\api\data\artifacts\4637fc0f-c4a7-4ad6-8f78-0a9c7eddfbdb\code\frontend\node_modules\next\dist\lib\recursive-readdir.js:32:25)
    at async D:\Palak\Idea-to-deploy\apps\api\data\artifacts\4637fc0f-c4a7-4ad6-8f78-0a9c7eddfbdb\code\frontend\node_modules\next\dist\server\future\route-matcher-providers\dev\helpers\file-reader\batched-file-reader.js:71:25
    at async Promise.all (index 0)
    at async BatchedFileReader.load (D:\Palak\Idea-to-deploy\apps\api\data\artifacts\4637fc0f-c4a7-4ad6-8f78-0a9c7eddfbdb\code\frontend\node_modules\next\dist\server\future\route-matcher-providers\dev\helpers\file-reader\batched-file-reader.js:67:25)
    at async D:\Palak\Idea-to-deploy\apps\api\data\artifacts\4637fc0f-c4a7-4ad6-8f78-0a9c7eddfbdb\code\frontend\node_modules\next\dist\server\future\route-matcher-providers\dev\helpers\file-reader\batched-file-reader.js:41:26 {
  errno: -4058,
  code: 'ENOENT',
  syscall: 'scandir',
  path: 'D:\\Palak\\Idea-to-deploy\\apps\\api\\data\\artifacts\\4637fc0f-c4a7-4ad6-8f78-0a9c7eddfbdb\\code\\frontend\\app'
}
Error: ENOENT: no such file or directory, scandir 'D:\Palak\Idea-to-deploy\apps\api\data\artifacts\4637fc0f-c4a7-4ad6-8f78-0a9c7eddfbdb\code\frontend\app'
    at async Object.readdir (node:internal/fs/promises:958:18)
    at async D:\Palak\Idea-to-deploy\apps\api\data\artifacts\4637fc0f-c4a7-4ad6-8f78-0a9c7eddfbdb\code\frontend\node_modules\next\dist\lib\recursive-readdir.js:39:29
    at async Promise.all (index 0)
    at async recursiveReadDir (D:\Palak\Idea-to-deploy\apps\api\data\artifacts\4637fc0f-c4a7-4ad6-8f78-0a9c7eddfbdb\code\frontend\node_modules\next\dist\lib\recursive-readdir.js:32:25)
    at async D:\Palak\Idea-to-deploy\apps\api\data\artifacts\4637fc0f-c4a7-4ad6-8f78-0a9c7eddfbdb\code\frontend\node_modules\next\dist\server\future\route-matcher-providers\dev\helpers\file-reader\batched-file-reader.js:71:25
    at async Promise.all (index 0)
    at async BatchedFileReader.load (D:\Palak\Idea-to-deploy\apps\api\data\artifacts\4637fc0f-c4a7-4ad6-8f78-0a9c7eddfbdb\code\frontend\node_modules\next\dist\server\future\route-matcher-providers\dev\helpers\file-reader\batched-file-reader.js:67:25)
    at async D:\Palak\Idea-to-deploy\apps\api\data\artifacts\4637fc0f-c4a7-4ad6-8f78-0a9c7eddfbdb\code\frontend\node_modules\next\dist\server\future\route-matcher-providers\dev\helpers\file-reader\batched-file-reader.js:41:26 {
  errno: -4058,
  code: 'ENOENT',
  syscall: 'scandir',
  path: 'D:\\Palak\\Idea-to-deploy\\apps\\api\\data\\artifacts\\4637fc0f-c4a7-4ad6-8f78-0a9c7eddfbdb\\code\\frontend\\app'
}
 ⨯ unhandledRejection: Error: ENOENT: no such file or directory, scandir 'D:\Palak\Idea-to-deploy\apps\api\data\artifacts\4637fc0f-c4a7-4ad6-8f78-0a9c7eddfbdb\code\frontend\app'
    at async Object.readdir (node:internal/fs/promises:958:18)
    at async D:\Palak\Idea-to-deploy\apps\api\data\artifacts\4637fc0f-c4a7-4ad6-8f78-0a9c7eddfbdb\code\frontend\node_modules\next\dist\lib\recursive-readdir.js:39:29
    at async Promise.all (index 0)
    at async recursiveReadDir (D:\Palak\Idea-to-deploy\apps\api\data\artifacts\4637fc0f-c4a7-4ad6-8f78-0a9c7eddfbdb\code\frontend\node_modules\next\dist\lib\recursive-readdir.js:32:25)
    at async D:\Palak\Idea-to-deploy\apps\api\data\artifacts\4637fc0f-c4a7-4ad6-8f78-0a9c7eddfbdb\code\frontend\node_modules\next\dist\server\future\route-matcher-providers\dev\helpers\file-reader\batched-file-reader.js:71:25
    at async Promise.all (index 0)
    at async BatchedFileReader.load (D:\Palak\Idea-to-deploy\apps\api\data\artifacts\4637fc0f-c4a7-4ad6-8f78-0a9c7eddfbdb\code\frontend\node_modules\next\dist\server\future\route-matcher-providers\dev\helpers\file-reader\batched-file-reader.js:67:25)
    at async D:\Palak\Idea-to-deploy\apps\api\data\artifacts\4637fc0f-c4a7-4ad6-8f78-0a9c7eddfbdb\code\frontend\node_modules\next\dist\server\future\route-matcher-providers\dev\helpers\file-reader\batched-file-reader.js:41:26 {
  errno: -4058,
  code: 'ENOENT',
  syscall: 'scandir',
  path: 'D:\\Palak\\Idea-to-deploy\\apps\\api\\data\\artifacts\\4637fc0f-c4a7-4ad6-8f78-0a9c7eddfbdb\\code\\frontend\\app'
}
 ⨯ unhandledRejection: Error: ENOENT: no such file or directory, scandir 'D:\Palak\Idea-to-deploy\apps\api\data\artifacts\4637fc0f-c4a7-4ad6-8f78-0a9c7eddfbdb\code\frontend\app'
    at async Object.readdir (node:internal/fs/promises:958:18)
    at async D:\Palak\Idea-to-deploy\apps\api\data\artifacts\4637fc0f-c4a7-4ad6-8f78-0a9c7eddfbdb\code\frontend\node_modules\next\dist\lib\recursive-readdir.js:39:29
    at async Promise.all (index 0)
    at async recursiveReadDir (D:\Palak\Idea-to-deploy\apps\api\data\artifacts\4637fc0f-c4a7-4ad6-8f78-0a9c7eddfbdb\code\frontend\node_modules\next\dist\lib\recursive-readdir.js:32:25)
    at async D:\Palak\Idea-to-deploy\apps\api\data\artifacts\4637fc0f-c4a7-4ad6-8f78-0a9c7eddfbdb\code\frontend\node_modules\next\dist\server\future\route-matcher-providers\dev\helpers\file-reader\batched-file-reader.js:71:25
    at async Promise.all (index 0)
    at async BatchedFileReader.load (D:\Palak\Idea-to-deploy\apps\api\data\artifacts\4637fc0f-c4a7-4ad6-8f78-0a9c7eddfbdb\code\frontend\node_modules\next\dist\server\future\route-matcher-providers\dev\helpers\file-reader\batched-file-reader.js:67:25)
    at async D:\Palak\Idea-to-deploy\apps\api\data\artifacts\4637fc0f-c4a7-4ad6-8f78-0a9c7eddfbdb\code\frontend\node_modules\next\dist\server\future\route-matcher-providers\dev\helpers\file-reader\batched-file-reader.js:41:26 {
  errno: -4058,
  code: 'ENOENT',
  syscall: 'scandir',
  path: 'D:\\Palak\\Idea-to-deploy\\apps\\api\\data\\artifacts\\4637fc0f-c4a7-4ad6-8f78-0a9c7eddfbdb\\code\\frontend\\app'
}
Error: ENOENT: no such file or directory, scandir 'D:\Palak\Idea-to-deploy\apps\api\data\artifacts\4637fc0f-c4a7-4ad6-8f78-0a9c7eddfbdb\code\frontend\app'
    at async Object.readdir (node:internal/fs/promises:958:18)
    at async D:\Palak\Idea-to-deploy\apps\api\data\artifacts\4637fc0f-c4a7-4ad6-8f78-0a9c7eddfbdb\code\frontend\node_modules\next\dist\lib\recursive-readdir.js:39:29
    at async Promise.all (index 0)
    at async recursiveReadDir (D:\Palak\Idea-to-deploy\apps\api\data\artifacts\4637fc0f-c4a7-4ad6-8f78-0a9c7eddfbdb\code\frontend\node_modules\next\dist\lib\recursive-readdir.js:32:25)
    at async D:\Palak\Idea-to-deploy\apps\api\data\artifacts\4637fc0f-c4a7-4ad6-8f78-0a9c7eddfbdb\code\frontend\node_modules\next\dist\server\future\route-matcher-providers\dev\helpers\file-reader\batched-file-reader.js:71:25
    at async Promise.all (index 0)
    at async BatchedFileReader.load (D:\Palak\Idea-to-deploy\apps\api\data\artifacts\4637fc0f-c4a7-4ad6-8f78-0a9c7eddfbdb\code\frontend\node_modules\next\dist\server\future\route-matcher-providers\dev\helpers\file-reader\batched-file-reader.js:67:25)
    at async D:\Palak\Idea-to-deploy\apps\api\data\artifacts\4637fc0f-c4a7-4ad6-8f78-0a9c7eddfbdb\code\frontend\node_modules\next\dist\server\future\route-matcher-providers\dev\helpers\file-reader\batched-file-reader.js:41:26 {
  errno: -4058,
  code: 'ENOENT',
  syscall: 'scandir',
  path: 'D:\\Palak\\Idea-to-deploy\\apps\\api\\data\\artifacts\\4637fc0f-c4a7-4ad6-8f78-0a9c7eddfbdb\\code\\frontend\\app'
}
Error: ENOENT: no such file or directory, scandir 'D:\Palak\Idea-to-deploy\apps\api\data\artifacts\4637fc0f-c4a7-4ad6-8f78-0a9c7eddfbdb\code\frontend\app'
    at async Object.readdir (node:internal/fs/promises:958:18)
    at async D:\Palak\Idea-to-deploy\apps\api\data\artifacts\4637fc0f-c4a7-4ad6-8f78-0a9c7eddfbdb\code\frontend\node_modules\next\dist\lib\recursive-readdir.js:39:29
    at async Promise.all (index 0)
    at async recursiveReadDir (D:\Palak\Idea-to-deploy\apps\api\data\artifacts\4637fc0f-c4a7-4ad6-8f78-0a9c7eddfbdb\code\frontend\node_modules\next\dist\lib\recursive-readdir.js:32:25)
    at async D:\Palak\Idea-to-deploy\apps\api\data\artifacts\4637fc0f-c4a7-4ad6-8f78-0a9c7eddfbdb\code\frontend\node_modules\next\dist\server\future\route-matcher-providers\dev\helpers\file-reader\batched-file-reader.js:71:25
    at async Promise.all (index 0)
    at async BatchedFileReader.load (D:\Palak\Idea-to-deploy\apps\api\data\artifacts\4637fc0f-c4a7-4ad6-8f78-0a9c7eddfbdb\code\frontend\node_modules\next\dist\server\future\route-matcher-providers\dev\helpers\file-reader\batched-file-reader.js:67:25)
    at async D:\Palak\Idea-to-deploy\apps\api\data\artifacts\4637fc0f-c4a7-4ad6-8f78-0a9c7eddfbdb\code\frontend\node_modules\next\dist\server\future\route-matcher-providers\dev\helpers\file-reader\batched-file-reader.js:41:26 {
  errno: -4058,
  code: 'ENOENT',
  syscall: 'scandir',
  path: 'D:\\Palak\\Idea-to-deploy\\apps\\api\\data\\artifacts\\4637fc0f-c4a7-4ad6-8f78-0a9c7eddfbdb\\code\\frontend\\app'
}
 ○ Compiling /not-found ...
 ✓ Compiled /not-found in 517ms (573 modules)
